"bio1","bio12"
267,1874
219,1135
137,1006
174,493
197,370
258,986
167,169
176,727
188,378
202,601
249,1166
244,404
166,545
265,2080
162,494
233,620
218,143
192,477
200,303
218,1173
238,2015
255,909
228,1357
174,722
182,2096
174,311
171,466
269,1277
267,3414
183,840
240,2345
206,83
152,485
185,727
162,560
182,414
211,848
188,378
186,1857
249,484
242,3646
274,1355
187,719
128,919
160,462
260,1126
232,573
151,721
262,2563
272,1724
246,476
171,2690
221,68
142,543
187,935
251,3190
265,1680
207,226
189,403
194,3184
152,597
269,607
262,789
238,1867
256,2023
253,2107
221,1545
205,1995
263,1913
166,425
275,889
186,169
224,1702
184,449
221,3289
254,1153
134,638
225,658
164,542
214,660
259,2404
213,630
170,385
264,2903
254,2157
205,547
261,1021
259,1060
173,383
256,1416
156,1092
198,560
270,2636
255,2677
241,2226
244,1804
237,1900
259,1122
252,1753
242,234
224,2638
256,4614
219,112
173,178
257,3267
253,1692
177,407
224,1112
224,1213
194,1116
204,810
262,2115
204,92
164,419
252,1078
254,577
214,594
229,181
203,99
258,1969
220,1168
260,1035
129,540
169,831
257,1283
254,2592
213,649
166,454
203,932
256,2430
247,442
141,1101
263,738
195,86
162,308
182,392
256,2999
196,324
195,447
173,433
174,1571
180,1642
230,1689
252,1677
190,816
218,1210
168,607
206,84
234,195
232,229
261,1928
215,1688
179,130
133,1217
240,557
174,462
167,358
220,84
185,1309
217,1181
185,384
254,2057
194,890
114,611
266,2870
232,1849
227,539
174,489
253,1682
257,696
206,266
237,244
169,368
226,1045
211,878
178,703
243,4103
255,1202
237,1072
231,934
244,1489
196,284
248,605
257,1767
270,2725
260,1415
237,2561
193,1140
242,1492
209,1574
262,1462
220,149
223,1799
179,359
261,1183
241,2562
252,2986
243,783
257,2483
248,2967
227,758
275,1414
179,1549
227,1012
224,3113
233,681
280,1308
158,538
148,572
209,457
256,2555
153,548
196,773
231,550
252,2274
211,77
248,1495
270,2119
165,443
258,811
265,1547
231,2648
221,1931
138,1500
207,122
258,3633
238,1611
240,3067
263,3830
252,599
244,1051
255,3135
219,1407
201,668
250,2985
261,1852
216,1989
257,2459
201,733
276,1835
258,909
212,121
253,1078
228,1821
264,1501
213,107
254,1430
183,340
251,179
166,764
185,582
194,2802
236,2152
212,1439
242,701
201,3041
123,669
250,1648
119,1195
144,553
210,235
147,916
121,791
230,1689
233,198
154,232
205,529
238,751
252,3062
211,171
240,1299
242,1080
266,1589
180,402
267,1591
194,1458
200,90
222,2533
272,2485
200,274
265,2732
116,1442
259,1009
172,1265
191,541
195,954
255,939
172,716
236,669
275,1031
221,1158
255,2741
263,1600
211,105
226,1972
160,538
220,146
242,568
241,2562
258,1179
233,199
198,291
225,69
183,503
196,284
163,759
256,1123
253,178
263,3023
201,494
259,1437
190,560
238,845
186,1174
204,92
259,2322
231,251
232,619
169,827
243,977
198,925
193,954
185,1318
221,164
277,1764
197,591
251,1462
131,861
227,667
265,1861
241,1255
228,166
122,925
139,515
219,117
232,1892
223,100
180,375
237,2561
252,516
182,680
197,257
236,3750
231,702
203,281
164,459
251,1741
251,1068
156,1139
273,1191
249,3744
269,2974
262,1095
195,434
119,774
195,799
254,937
174,752
197,1214
143,535
250,1789
236,1180
232,3455
153,617
271,2799
196,1011
261,3199
284,972
185,382
267,1353
260,987
159,524
166,425
148,798
249,416
255,1055
161,439
273,1510
126,577
227,912
257,1184
274,1199
182,369
167,182
192,1633
192,1745
183,458
200,867
226,590
175,501
172,923
237,1480
132,692
199,94
224,660
236,649
261,2398
176,723
244,404
192,88
188,485
253,1384
194,131
227,1140
241,1951
170,925
265,1076
213,810
234,910
237,992
201,890
228,1074
133,836
138,557
174,750
257,1727
263,2587
246,1441
262,3314
182,760
275,1760
219,1516
225,658
217,1654
192,149
196,3136
208,497
259,885
232,884
195,487
210,538
225,563
264,3754
197,316
260,3115
195,816
209,3707
244,2445
221,95
270,1643
211,956
211,1791
240,1299
139,710
226,688
210,512
134,623
166,668
221,536
216,187
262,1349
230,2078
254,1060
194,609
219,911
188,695
173,535
260,1139
254,1054
243,1832
237,743
226,1367
217,1006
191,343
228,1386
266,1902
199,1475
267,990
176,921
257,2182
260,1755
261,1038
206,258
224,2638
263,1934
203,467
266,1903
259,2363
172,415
255,1969
266,1759
251,2770
201,468
269,1820
230,1595
200,876
223,100
252,985
224,1252
205,547
182,445
171,1832
123,977
229,1397
282,640
247,3189
181,437
264,3380
212,152
264,1425
226,148
154,1002
270,1743
181,1165
167,993
277,1808
241,1263
119,750
203,1658
251,1188
174,1071
228,642
165,2468
207,683
205,889
242,1948
273,2659
256,2842
174,1071
256,1055
234,1120
258,1158
157,454
213,3100
232,396
144,675
164,630
178,468
181,1228
224,139
185,520
252,2666
229,3449
227,87
250,768
262,702
166,437
260,2110
245,950
255,883
181,1674
149,644
264,1501
238,1253
268,2207
174,444
250,2926
151,382
229,533
162,942
257,1984
170,925
242,1040
242,1678
160,456
270,853
248,1236
171,523
256,1416
259,1156
206,110
261,3199
238,2048
255,3379
183,1689
207,1128
223,61
251,1291
201,66
250,751
184,1242
203,90
116,1300
185,159
178,466
264,2135
259,1197
229,186
262,2868
209,3707
236,681
229,702
193,819
260,1243
169,506
260,1130
196,1085
247,1188
138,950
251,194
231,1926
165,680
168,607
162,528
214,124
240,234
122,903
257,1083
219,1468
253,786
172,1090
215,1772
248,3004
193,1519
248,2768
173,513
233,1037
172,722
204,78
228,1357
179,856
195,1121
242,1277
204,980
172,515
151,323
259,4744
178,799
265,962
242,1490
245,1733
232,630
202,256
205,495
260,1047
265,637
240,210
259,2322
255,2902
129,479
213,128
223,1980
188,1351
258,909
258,1970
256,4614
255,2555
185,1318
159,687
222,541
185,341
197,1173
139,427
201,2487
259,943
194,343
206,321
253,1027
240,264
275,709
199,1168
184,942
203,235
226,1149
262,2073
208,232
168,462
164,893
229,540
254,3554
260,4040
227,3003
239,3235
233,3347
181,123
206,2127
273,1622
224,594
197,370
234,733
243,696
267,1791
259,1150
260,2880
140,565
217,1129
267,2677
254,1153
189,378
203,610
228,855
127,472
189,84
213,630
212,866
255,4036
193,1140
185,159
229,1859
222,847
144,836
263,3042
179,431
211,878
210,101
253,1667
270,1743
200,94
257,1020
253,2017
222,1609
223,1599
253,3804
263,2277
234,721
200,705
284,907
149,644
263,3584
278,2783
270,2892
200,339
210,1138
259,1162
266,1083
240,1524
133,577
203,312
230,2078
201,344
167,1327
265,1680
255,1832
194,107
205,996
208,123
248,910
248,2474
213,1430
266,1686
168,452
265,2716
246,428
251,2033
263,2589
186,414
179,406
169,821
225,794
270,730
180,347
187,435
132,663
178,476
175,457
255,802
261,2337
217,2279
226,593
132,989
252,1824
144,675
239,3784
233,681
255,487
237,701
201,1608
153,752
219,93
249,924
257,1851
265,1722
207,2914
164,345
197,846
266,2611
189,497
269,2175
240,210
259,2682
202,1371
216,110
231,634
247,2541
255,1170
228,921
183,414
252,1039
238,2123
247,2667
211,412
203,1475
276,1463
257,3049
255,1088
167,389
193,1031
256,825
175,457
259,3376
192,353
224,271
262,1689
188,985
238,2724
181,144
118,578
243,641
191,114
205,1379
178,536
170,581
236,630
267,1910
248,1958
161,889
251,3706
135,466
264,1541
261,1461
124,1091
238,1253
254,1068
215,3059
251,2760
265,1767
257,2347
229,972
201,278
219,137
273,1510
247,2414
252,2076
221,1931
204,92
182,440
253,1322
267,1791
209,1112
190,560
249,1275
195,81
244,329
241,1774
190,1601
257,2735
187,670
150,637
229,381
246,192
203,125
127,1314
149,829
257,3085
238,1739
197,591
268,2801
206,861
136,505
225,1138
246,1723
252,1777
241,912
251,1289
147,466
211,785
191,308
272,1050
272,2906
171,1155
258,1239
260,1395
233,1539
259,3310
254,3383
262,3203
219,1407
230,1101
239,1562
189,360
190,1601
194,1139
205,290
240,1866
258,2568
235,1901
231,1910
192,340
231,841
187,142
181,123
192,692
275,1668
149,900
244,320
231,1839
241,924
160,2091
241,260
265,2398
210,117
253,1481
203,390
180,548
142,581
141,926
238,1248
264,2679
225,2627
134,891
170,436
182,337
181,304
224,1252
194,1075
227,1113
215,1193
189,466
257,3374
252,2711
260,987
238,1951
176,485
194,627
148,1219
263,2086
216,861
236,1835
155,455
248,1298
178,1019
256,1157
262,1462
175,380
267,2565
206,1422
136,622
243,1383
197,1967
257,2551
262,2399
165,680
221,780
224,1371
254,3554
232,603
177,764
230,527
166,596
216,907
248,671
262,1043
268,1474
237,2470
194,1880
182,392
208,942
211,107
203,1901
237,2561
203,525
178,659
231,879
217,1503
158,1323
263,1800
194,702
267,2745
225,658
205,290
221,68
240,234
193,326
245,284
184,913
224,122
144,640
263,1323
207,103
253,3606
256,2361
201,1117
255,3649
246,2422
246,1723
240,1098
217,846
163,650
242,1606
233,682
250,2163
172,438
186,114
212,185
238,1326
214,660
164,494
167,995
217,222
247,798
155,891
200,893
148,680
260,1203
228,885
219,845
246,1125
180,602
238,1863
254,1430
173,580
140,853
203,662
276,1691
253,1804
207,138
257,3058
242,1492
258,1008
263,1754
259,1270
179,774
250,768
171,1850
210,512
180,947
252,2412
251,1741
257,1184
228,166
164,923
249,3186
164,442
226,148
252,805
244,3362
179,816
168,520
153,734
261,1477
129,738
212,1326
272,1724
258,4747
261,1432
260,1812
272,1426
191,1340
261,1928
250,769
264,3754
233,573
261,5534
215,161
181,119
134,317
208,1613
180,385
218,429
262,3203
230,801
247,814
162,1069
266,1713
172,366
203,1057
163,446
261,2344
190,981
223,501
253,905
135,625
180,941
132,401
253,1130
271,1409
166,521
232,1892
127,1243
221,588
226,593
177,1776
230,1881
270,1155
219,1385
266,1819
229,1397
264,1117
208,317
215,122
129,504
165,417
211,53
209,135
225,99
233,532
219,517
157,1180
233,2184
259,2985
214,494
232,1149
195,115
229,518
180,444
222,1323
196,838
235,1296
206,258
215,1058
195,954
179,492
267,2745
185,341
223,776
179,359
213,91
204,347
222,1159
213,96
188,1212
246,2869
267,897
257,1101
250,1014
214,175
177,547
173,446
264,1440
232,623
205,269
237,905
241,1889
258,1292
157,536
227,2582
250,761
263,3409
262,1823
266,889
254,937
152,344
147,916
261,2733
256,1187
237,1123
232,616
192,901
233,3347
175,141
248,2416
245,1370
181,818
212,1748
260,1015
193,1504
194,784
205,964
180,389
249,2179
138,1500
224,1047
258,1195
233,951
243,899
257,2704
135,737
206,2761
248,911
263,2086
200,303
123,624
247,995
176,434
262,1433
257,2522
268,1408
157,445
176,1079
210,121
159,834
236,1882
191,359
261,1161
164,215
219,86
249,1460
214,839
196,1492
260,1699
182,119
254,1142
205,1546
231,717
258,2151
179,711
155,880
194,499
210,512
152,509
260,2373
221,1503
234,1657
226,673
133,577
250,1750
254,1073
149,774
149,453
246,1422
174,849
216,65
244,995
259,2528
261,1042
260,639
266,3008
216,1232
211,412
247,2577
138,474
125,1207
167,182
262,1462
169,719
138,334
218,142
157,636
263,859
235,2640
249,2810
266,1432
253,2395
241,1951
226,201
222,2338
247,3189
265,1901
237,985
268,1474
217,698
239,1102
198,291
265,2245
248,2565
261,2588
237,977
221,78
223,1613
249,1303
224,2318
169,2054
263,2589
241,2671
257,1197
205,290
204,593
196,324
259,2881
179,473
258,1606
246,320
156,828
250,1835
188,1017
190,114
143,438
131,945
210,121
248,1721
226,1255
171,330
253,1204
218,83
254,4774
165,590
194,552
221,588
257,1201
164,1714
152,913
186,691
231,2000
224,549
223,1281
168,229
217,939
261,4303
263,3186
139,601
177,629
157,1010
217,1006
263,2867
216,1232
163,1310
152,596
245,1248
250,2926
226,157
200,2129
124,3337
264,1722
180,452
224,1052
112,767
267,988
258,3789
253,721
157,1320
147,282
180,814
221,185
257,2704
160,1494
253,4785
255,1009
258,1135
199,907
172,775
248,733
167,389
149,503
197,608
262,1043
141,749
207,821
207,90
187,182
245,1813
260,1567
241,1046
226,3268
247,3061
242,1080
242,804
264,2135
178,135
160,859
132,663
209,671
210,416
221,1137
249,458
235,596
278,1021
236,1281
207,2266
195,755
281,725
240,1408
226,1616
210,1228
234,628
189,803
187,541
230,635
176,543
197,281
180,1642
179,1456
258,2949
202,1224
162,560
174,141
250,1489
254,3845
197,283
237,2975
244,1022
225,1939
245,1813
254,1996
260,1635
266,1902
215,253
241,2592
237,2138
245,1573
261,1895
173,489
217,962
212,1115
244,2508
216,62
224,1702
247,2219
239,1359
259,3376
252,1244
197,809
265,1342
253,1692
249,902
238,1541
258,1075
239,1070
230,676
249,3172
141,488
207,90
124,1098
172,923
219,1302
168,1098
252,1332
244,396
241,315
286,752
207,162
209,648
178,405
207,214
202,693
251,1270
166,1668
202,120
274,1598
192,340
279,1677
207,63
223,1259
244,212
262,1788
254,2536
257,3127
245,1573
175,411
258,1232
265,2080
253,3308
152,3715
175,3019
189,403
263,3835
170,542
199,1475
220,100
213,810
206,66
202,326
141,754
132,366
254,1923
249,1970
248,315
155,482
248,1931
110,722
183,910
229,540
249,1686
230,1253
226,590
257,2704
239,1097
202,569
259,1437
207,108
164,464
223,686
261,1417
273,1622
250,615
254,1122
244,873
208,97
212,554
257,1094
273,1191
264,2903
132,366
168,421
238,3302
251,1439
259,2066
196,337
233,620
252,1698
224,135
213,211
178,135
135,1274
174,493
255,1161
249,2871
256,1223
186,940
243,1020
246,765
268,1101
180,321
237,1116
271,1142
218,540
249,924
252,676
222,2338
157,536
257,3477
222,865
266,1712
124,510
267,3414
222,3748
240,1255
228,115
259,2203
260,1330
212,963
261,2388
236,461
250,2865
218,1256
212,121
246,2031
142,748
230,2088
193,450
213,1407
214,741
174,786
184,1477
258,2842
248,827
196,1437
190,1034
202,97
271,3751
236,141
242,1859
175,822
255,1057
176,618
185,124
239,182
161,300
254,1282
234,1808
134,684
243,1177
244,980
220,1369
237,2175
247,284
136,505
197,1873
245,1025
254,1061
252,1183
163,257
139,915
233,693
231,547
217,846
238,138
254,1308
184,713
255,2464
176,423
265,2262
229,381
180,385
259,2638
251,954
275,709
188,1068
229,1044
260,1755
229,1352
203,719
229,639
129,727
262,1863
177,975
230,179
262,1307
218,183
234,922
205,87
255,2106
215,76
200,867
258,1008
201,80
169,520
210,111
160,859
173,383
185,341
151,496
259,1150
173,425
209,106
258,1317
249,2871
207,284
164,438
217,202
168,546
172,837
222,1014
212,1133
122,964
170,1031
224,139
243,430
226,824
182,445
185,883
183,910
224,3195
207,2266
226,688
260,3425
242,2636
214,1179
233,1597
263,2041
228,1821
196,1492
189,378
230,676
265,869
232,734
168,524
261,1249
233,951
229,518
177,453
230,676
204,593
236,663
179,382
258,660
147,504
197,141
237,1136
252,1415
214,660
191,107
252,2666
177,1578
120,858
219,2814
273,2659
176,1327
198,479
226,624
256,1123
246,2677
255,3745
163,508
231,1095
177,724
166,668
211,154
221,2363
245,2502
250,1955
120,852
114,611
262,3918
257,3127
199,683
259,1025
259,3709
261,1862
117,860
233,133
228,727
154,1098
258,1237
214,3743
174,1571
131,865
221,3289
250,1835
174,820
255,1756
263,1757
259,1156
209,112
246,3635
226,688
278,1021
211,182
181,1298
192,353
260,4268
210,93
256,3513
217,1171
250,2787
258,1127
223,877
232,922
240,133
147,916
248,2333
183,458
265,1184
251,1399
202,769
254,1434
209,1990
282,640
262,1399
193,1362
245,1097
258,758
248,837
248,753
141,338
259,2546
209,1571
165,479
173,397
266,2000
182,377
214,999
190,150
125,744
178,436
231,934
232,3579
214,232
266,1049
177,421
149,599
255,1547
249,2179
256,2600
171,1169
260,4102
119,632
250,3458
159,451
236,486
155,1191
250,1489
130,904
153,571
211,669
213,1328
253,1103
176,1327
130,958
259,1008
153,277
230,527
198,755
223,922
230,869
259,2722
245,2442
240,1988
266,1712
257,3058
144,426
217,790
197,846
138,554
259,1216
270,1251
257,1984
199,2587
213,107
259,1060
211,812
278,736
241,2836
254,260
135,517
169,342
249,1293
156,733
211,669
184,1129
244,872
258,4366
224,655
252,1422
261,994
189,500
243,1466
195,1731
242,453
264,2135
175,403
158,360
194,878
210,122
261,3076
189,347
249,2172
150,990
231,1958
240,1714
217,1192
244,2438
210,178
262,1510
246,525
261,1843
129,707
183,458
216,296
194,1058
241,579
156,780
196,2996
204,92
192,1094
217,1659
172,280
225,122
262,2563
188,4260
261,3199
260,1220
260,2257
244,835
241,1425
165,457
158,1858
216,3195
231,1839
218,60
254,1061
213,85
244,827
253,3606
184,870
240,909
238,850
243,1020
241,1633
259,3376
252,1125
248,870
169,457
203,235
266,1940
269,1592
250,768
223,2154
161,1144
170,489
250,1946
253,947
258,1158
255,1064
220,149
160,540
251,1068
186,302
235,3202
201,733
173,580
158,2668
211,1499
251,2770
247,1691
207,284
239,3235
201,1028
175,411
191,331
178,2115
210,929
199,932
223,1252
263,2186
227,2003
235,1762
254,1308
243,171
220,1369
203,1347
264,2135
248,870
237,905
242,1056
244,2865
256,1064
226,74
251,1719
266,2990
249,909
180,460
173,425
208,3616
207,226
175,887
259,3637
256,2023
252,766
230,946
236,2152
231,1440
144,610
248,2040
243,842
237,1159
148,641
161,889
260,1239
225,806
173,580
190,506
174,493
229,1859
173,489
138,557
213,3100
125,959
222,673
242,823
250,551
223,1025
162,611
228,1052
217,3333
251,1627
131,788
164,442
142,543
269,2356
263,3701
260,639
236,1105
250,1325
226,687
225,1480
243,1531
144,1074
157,1320
188,602
175,569
128,747
156,907
85,1560
254,1101
230,2078
132,449
248,2967
126,630
266,1034
231,621
246,769
261,1843
271,1523
264,2781
196,1148
230,1267
258,2526
146,526
287,639
217,68
257,3127
217,2337
237,356
222,1265
262,2439
180,809
262,1510
215,3059
274,1487
176,485
195,755
198,925
233,662
235,594
265,2608
167,182
155,437
127,1314
154,770
234,694
251,1627
216,91
235,3036
250,174
192,353
250,1955
171,1010
244,1849
265,1826
176,1614
141,488
252,3824
221,1137
153,545
164,430
182,603
270,1654
209,256
228,646
259,1173
225,658
277,1513
215,154
249,613
233,2417
160,609
164,440
236,3488
222,373
165,410
258,1970
244,223
226,793
199,1247
266,3665
237,1575
227,518
250,464
166,596
238,1771
161,532
129,727
232,659
176,379
251,1483
226,630
252,2035
219,137
238,819
256,3222
261,1263
228,816
255,1332
233,101
165,977
244,2865
240,1049
135,625
185,650
242,1590
170,561
237,2175
242,1294
138,693
252,596
246,1229
219,1544
248,1371
141,414
181,530
170,479
237,554
188,408
257,4388
235,3189
239,1697
232,633
266,3631
217,962
244,627
142,691
259,1208
259,1874
139,433
262,1467
252,1039
147,539
234,1485
233,617
251,2522
145,1779
242,1014
238,1605
252,774
238,375
264,2903
282,640
234,2630
196,1961
127,736
201,1028
247,294
254,1300
189,358
267,1751
174,311
223,857
256,1246
172,180
187,405
252,1644
174,678
238,1320
187,653
245,3309
269,1385
133,1217
253,741
216,170
176,177
254,2608
187,1164
282,998
201,890
164,397
134,891
221,1138
228,745
239,1112
259,2576
165,410
218,1256
249,924
236,1192
212,1381
231,3061
262,1482
233,101
224,122
215,593
242,1266
163,415
199,359
256,3222
256,1439
138,847
252,204
182,414
184,673
205,256
212,1115
173,356
200,290
248,3004
269,2966
143,543
236,818
235,596
235,621
208,192
201,193
167,807
156,483
169,500
239,928
148,572
209,1574
230,141
269,2175
238,2355
191,387
217,1298
265,1521
229,521
185,141
123,625
221,1190
277,1420
134,530
257,4018
181,119
164,526
219,86
150,1356
243,1114
194,890
254,2564
258,2186
163,553
182,787
161,1144
161,513
160,1171
228,1357
274,811
257,1101
185,661
173,452
256,4258
261,3076
179,706
202,256
267,874
223,776
269,1820
199,2587
169,821
142,801
226,793
122,925
248,612
234,1663
196,799
272,1353
206,260
262,3314
239,1097
221,1158
192,399
267,2780
135,805
256,1157
226,1045
206,1422
222,3178
169,500
265,1480
191,705
225,776
247,1112
243,2897
217,168
265,1810
158,2216
156,569
208,302
132,845
194,2435
145,949
183,1315
250,1835
152,703
214,103
228,1136
256,2147
192,149
163,508
203,235
247,271
146,628
224,2126
258,1296
257,2427
171,442
223,119
226,1255
177,421
144,610
181,838
164,1041
240,1866
203,1445
270,2531
214,175
249,924
265,2080
188,1068
243,2233
155,598
244,3609
243,1587
263,1672
244,1022
204,980
272,1266
253,4785
198,755
209,1147
179,506
238,569
249,1908
184,646
132,692
193,331
243,1483
259,1237
255,487
197,707
240,1265
258,1049
141,1285
200,134
121,774
244,1022
170,925
207,116
266,2426
210,335
260,2560
148,630
180,438
177,782
254,2839
263,2041
253,1481
153,511
185,382
153,1846
257,3058
216,1407
178,622
260,3051
228,115
131,861
238,730
228,108
212,250
252,1477
186,544
270,730
249,655
245,2661
211,412
257,1108
230,640
163,450
134,1179
250,1343
221,849
164,526
223,346
235,416
139,433
257,2908
272,2906
234,1751
257,1648
237,567
248,1162
267,1529
155,880
256,1064
190,981
256,1132
170,471
216,1407
199,1475
252,1698
194,890
259,1215
216,830
243,637
193,1140
197,782
245,955
205,529
160,917
248,671
126,668
223,668
231,639
120,852
131,847
131,977
236,681
256,1132
236,3488
164,339
261,1263
216,512
132,947
255,1142
205,1506
257,1283
233,672
187,935
220,55
247,608
237,2975
145,500
208,56
256,2846
174,856
256,683
173,356
185,685
140,837
194,3184
206,1848
256,2846
243,523
248,990
240,1408
185,652
264,1057
243,257
236,141
261,1316
257,1283
266,2027
169,341
227,548
261,1157
149,696
217,2022
140,837
251,2729
243,1471
260,3553
258,2774
233,385
224,619
167,413
255,532
195,115
171,722
242,2565
211,1086
263,1492
251,2073
222,88
257,1201
260,3041
239,1647
212,251
162,1069
140,621
238,1864
135,737
195,86
176,618
158,1012
229,1103
171,1598
154,1002
257,1084
253,3606
160,456
239,1923
237,356
235,207
176,475
211,3121
228,1127
230,649
128,391
225,1712
222,3178
221,1194
191,308
183,348
248,3373
170,577
160,784
262,1402
243,1266
257,1816
231,1464
258,2151
249,2839
235,2542
242,1165
213,129
160,433
163,472
171,722
265,1985
238,162
192,353
175,725
245,847
213,381
185,440
246,933
245,1093
224,1252
254,2997
256,3682
142,618
248,1371
256,1524
233,710
203,741
232,1029
252,2711
271,2883
185,135
166,430
168,524
234,607
223,99
126,630
273,1016
148,315
234,3303
252,774
275,714
169,178
251,3190
195,1455
226,74
167,169
252,2247
134,612
229,533
248,3004
154,770
224,672
165,475
163,765
230,179
263,2760
269,2356
257,2483
245,1097
136,1176
223,748
182,131
223,668
265,1767
259,2314
110,953
222,57
194,432
238,1541
224,1816
262,3281
250,1459
208,107
250,2897
182,1046
228,1289
237,1330
142,618
262,3160
161,699
250,1269
234,2582
261,2588
254,3928
188,378
232,1013
247,857
261,1881
200,1118
182,2788
163,1310
242,2013
242,877
153,662
231,2198
249,2871
242,2013
163,765
193,755
135,330
255,487
277,1808
251,1627
260,1345
264,1457
244,1051
164,459
165,417
158,446
233,800
169,820
259,2546
272,1463
209,689
270,2531
239,928
262,1810
247,1136
212,250
216,1612
235,638
239,1020
247,1005
245,959
242,196
135,1274
235,657
164,598
247,504
194,902
244,303
253,456
261,646
237,992
249,655
254,2969
252,1677
208,74
175,134
247,1358
265,3190
206,292
182,396
173,425
276,1463
269,1277
160,607
237,154
204,440
213,97
247,608
208,74
225,588
191,1000
153,752
249,2837
156,539
252,1543
257,1283
235,1762
211,1366
217,1836
178,382
273,691
212,1036
116,1442
205,106
257,2312
240,1866
216,1989
124,3337
181,725
236,635
205,1506
176,1618
266,3717
236,681
192,3185
210,125
237,1480
250,1329
249,736
259,2546
229,1859
270,873
253,830
242,1266
172,478
221,78
269,2912
253,1298
134,891
210,512
162,1069
259,1217
190,1034
140,565
220,1334
154,1073
175,1355
220,149
222,1055
264,1117
242,364
177,397
272,1924
260,2257
240,1265
218,117
245,2744
220,146
189,143
253,1362
225,613
182,1129
166,503
155,347
185,440
188,772
191,405
178,131
207,266
239,1102
244,1311
264,1170
253,1452
202,2871
173,452
258,1146
226,148
209,457
202,627
262,3175
255,1055
170,362
239,771
206,180
245,955
197,370
244,2508
259,1514
172,415
247,2395
228,885
267,897
177,135
251,2736
220,55
196,2183
196,98
242,1045
247,1404
149,644
250,1964
181,119
221,1503
239,1013
215,245
252,456
263,1856
185,657
256,1315
251,1668
176,463
254,3376
197,286
240,872
161,568
187,851
225,1488
265,1659
261,2634
219,86
213,476
255,3403
146,1301
193,916
259,1208
248,1495
245,1956
202,407
267,2052
223,703
197,1214
196,553
191,836
188,1068
193,2329
228,720
255,3135
223,681
231,465
174,856
176,771
267,2577
256,1064
228,631
252,4425
170,215
253,1947
165,261
228,2317
198,291
145,949
237,3290
262,1531
190,391
191,1249
236,1718
242,568
224,1021
253,721
252,1239
158,1955
243,709
207,194
199,351
226,248
206,1699
169,726
222,2599
260,1169
161,324
221,2065
257,1264
247,1415
198,724
169,268
154,457
215,906
260,1367
220,1334
248,856
169,341
151,542
236,1664
219,73
205,1726
174,517
252,1058
177,724
220,136
196,1259
269,1422
232,922
185,727
114,792
251,1362
252,1162
265,1757
208,94
170,510
208,191
261,1979
175,154
228,108
222,2524
208,803
256,1246
262,2830
196,120
249,1166
153,649
242,2018
225,99
217,334
233,800
158,627
246,297
216,512
262,3203
236,3488
210,230
236,1192
213,227
208,90
186,691
193,157
228,1089
236,2152
251,2048
222,1236
258,3529
208,514
226,1104
257,1149
239,2565
160,933
266,1844
248,1371
280,1775
267,976
191,541
223,99
168,439
134,1179
224,666
162,1299
202,791
234,721
174,141
255,3109
253,2107
222,84
224,189
244,2744
271,2883
270,1763
242,823
249,1687
214,494
234,791
176,487
233,720
255,3379
258,2478
255,583
234,791
182,548
175,761
215,684
164,419
210,111
218,1256
217,1836
251,2479
264,1457
128,935
263,1705
259,4744
182,392
252,1592
189,1721
158,887
224,549
221,1503
178,382
262,1418
211,135
220,1462
241,456
171,1850
230,457
186,940
233,651
256,3152
264,2631
239,2292
156,538
223,103
250,1314
168,520
241,3127
215,1045
219,1249
167,807
242,1812
251,2065
259,2794
253,1001
254,1923
147,466
141,414
260,2560
253,2736
177,578
248,2477
258,4747
250,769
242,1728
245,2153
184,1899
161,684
174,864
223,1474
121,517
184,870
215,125
215,108
251,2735
196,140
264,2781
170,620
234,721
196,357
245,3765
139,341
260,1445
256,2058
179,427
254,2997
221,141
255,2878
253,741
250,2787
259,1095
252,1162
261,2565
240,912
256,2381
243,1177
217,1129
237,1900
171,383
254,2997
262,2203
266,1903
247,2600
263,2186
139,1345
233,573
228,1145
258,1244
256,3682
207,567
215,134
139,601
175,705
228,642
276,2702
158,611
256,1911
126,630
263,1651
261,1895
235,1136
182,392
243,1442
187,876
236,1105
172,399
253,2803
180,553
206,803
264,2546
267,852
257,1175
189,500
185,685
258,1975
182,699
262,1698
134,588
127,940
154,508
173,397
215,517
237,356
255,3809
269,1023
199,1118
269,2163
217,790
245,833
264,2903
202,601
259,1874
258,2988
233,682
229,848
148,1237
185,141
141,431
230,141
204,1286
178,716
215,123
253,3042
253,2017
254,1303
171,466
240,133
278,1652
255,2073
253,900
233,605
178,659
170,730
206,3346
216,1989
200,952
255,2878
230,498
146,1317
235,1901
217,2870
263,2499
200,302
241,1035
265,1109
264,1814
238,1326
230,1689
196,324
264,2903
248,910
252,1279
167,501
244,1357
146,590
275,1031
125,959
265,1492
119,750
246,2464
260,1070
254,936
261,879
252,998
264,2633
138,1500
178,405
255,2106
208,234
215,125
244,2508
250,1946
263,1798
169,719
131,507
123,977
191,1111
169,3742
259,2203
149,774
143,598
266,2418
249,1686
242,1165
184,474
190,114
225,84
158,611
227,2066
134,638
201,123
246,2980
253,479
193,1440
246,2239
121,791
202,248
132,927
140,545
246,1110
246,2275
234,2630
251,1983
186,544
206,2050
209,135
240,1866
226,687
263,1763
233,573
236,707
146,628
202,338
247,1136
184,418
186,460
260,1320
231,1839
225,588
261,1280
246,911
192,774
251,1291
229,1411
269,2923
249,1908
278,1447
222,1265
163,514
215,1058
250,2136
214,660
183,1661
258,2842
185,679
169,585
183,1315
247,333
143,720
199,1118
264,1722
163,340
222,57
251,2302
279,1743
247,1467
207,1455
199,343
194,609
276,998
262,1391
175,375
181,838
193,3238
171,993
230,1101
215,134
208,375
229,725
236,2991
264,666
158,606
235,1306
164,1041
225,2049
249,553
185,566
244,1633
162,287
137,444
174,1674
174,369
171,339
214,1919
212,1399
223,346
260,2815
205,1506
243,1282
250,2985
214,1919
261,1263
248,3893
231,934
266,2761
225,649
175,154
222,60
221,588
260,1567
274,811
226,640
262,2439
241,2591
231,3075
236,1500
144,675
251,1270
184,1055
247,2219
179,816
242,935
181,530
247,814
181,119
193,1031
152,485
160,419
215,253
171,383
247,1578
218,67
124,500
177,397
220,555
231,595
188,4260
190,150
261,1477
250,2865
257,1648
266,1049
214,162
261,1501
155,889
267,897
223,1824
218,1527
107,854
161,689
174,1571
167,413
242,174
271,1142
231,702
221,415
196,1249
242,587
259,1159
132,845
210,3684
213,476
172,428
213,264
177,724
231,717
240,912
247,3245
161,434
171,503
188,408
259,1215
271,2769
247,201
224,69
204,810
255,1052
253,3226
169,520
179,427
230,635
211,839
250,1014
235,1762
237,1009
166,466
178,672
224,86
206,83
222,485
247,294
229,533
224,2126
268,1101
226,584
180,347
202,256
243,260
198,102
201,587
253,1936
210,795
251,1532
253,1298
243,1275
216,1006
250,1911
172,366
232,869
264,2297
175,373
238,845
160,528
244,329
253,1401
207,125
142,618
170,811
262,1930
213,699
214,2161
259,1195
223,1259
155,482
251,448
229,702
231,3075
269,2966
238,1669
217,1298
247,1043
250,1835
235,1040
179,406
257,1589
229,83
241,1329
201,174
255,1547
130,962
187,719
265,2732
210,121
265,3473
198,347
209,1500
131,695
261,1107
272,2848
219,1468
214,642
273,2556
256,805
248,910
166,1117
239,1616
153,310
184,97
216,907
249,2865
167,689
236,818
280,1308
228,2754
148,269
223,1082
271,2829
230,155
155,1156
237,1072
237,1116
124,726
238,1244
230,669
211,1114
258,3136
171,523
159,451
261,1048
195,81
222,3748
231,683
172,716
182,396
260,1320
230,527
169,349
239,1616
264,1674
245,2789
189,403
211,1282
196,1085
269,2966
261,2487
242,2317
211,77
207,214
186,1857
257,1264
221,134
259,4418
252,2313
223,716
262,2868
168,529
218,149
253,3343
209,1500
264,1805
240,1265
123,821
242,2013
245,2580
208,1686
252,1125
261,3199
205,269
207,122
233,1037
223,2143
190,148
208,232
252,903
208,107
205,269
203,247
236,3498
243,1442
166,569
230,545
228,1821
133,995
168,954
214,99
173,442
114,611
177,1578
217,2337
235,801
269,1422
209,135
262,1366
224,1363
133,873
210,101
261,1477
250,1215
250,1523
191,1615
164,1714
260,1381
249,2978
210,1262
161,985
259,1235
201,746
170,471
221,1797
248,2565
182,1139
273,2525
190,150
203,1171
251,3019
226,148
278,736
230,1059
198,755
202,802
261,994
230,676
239,1188
167,374
190,981
175,154
265,1680
262,1433
211,91
245,1956
227,548
166,545
228,115
183,632
259,1060
180,356
157,620
220,1168
228,631
269,1558
203,90
238,923
220,955
257,1283
264,2611
203,581
244,1357
192,88
196,109
199,487
157,636
272,4084
231,1839
207,2051
174,849
258,1104
248,2533
229,972
206,69
230,516
246,320
158,439
247,1691
248,3130
253,2000
215,1193
260,1345
165,461
237,2138
226,157
258,3140
165,583
238,832
258,1112
139,734
250,1215
180,941
137,444
242,1608
208,107
239,719
239,867
251,1897
134,684
167,807
176,439
198,324
188,4260
237,868
170,1469
249,2839
184,342
220,955
255,1063
253,4785
227,1524
185,376
184,349
254,2536
163,398
125,864
258,1127
258,1292
242,228
193,114
266,3008
200,303
216,187
247,284
176,423
253,440
170,1784
241,1517
207,812
189,1247
234,1463
195,1572
242,532
258,1274
249,1093
242,1014
150,990
221,1424
198,116
203,104
243,2566
198,1605
219,1359
173,452
155,1191
252,901
229,1410
252,1144
224,1467
197,678
203,837
211,89
171,577
271,1024
224,1363
185,1687
252,3173
183,633
173,513
255,3281
119,3137
205,263
124,799
264,1406
255,583
260,1380
208,804
204,280
180,590
276,1501
254,2969
141,338
262,1857
255,3319
251,1719
199,415
203,117
231,1288
231,1958
263,2633
181,389
210,100
265,827
177,1776
171,1850
171,1081
259,2179
229,381
222,723
129,707
222,679
192,160
205,1506
177,1570
167,501
266,1768
147,1261
204,593
170,893
140,721
176,1245
268,1841
156,907
231,547
162,560
193,252
255,1244
248,671
161,1144
215,1058
188,737
197,316
241,652
268,1017
254,1122
247,1082
211,580
205,529
224,1263
224,271
240,264
266,3121
266,2000
247,2697
152,665
271,1024
219,849
260,2247
267,2672
246,428
266,1790
169,821
241,456
215,906
127,468
169,349
192,340
254,1633
177,530
178,503
260,4122
264,1908
230,1375
252,1078
204,66
217,1155
207,683
281,995
219,1385
240,1714
257,2908
214,148
245,782
145,561
144,268
125,425
200,849
246,1055
262,1307
241,3257
228,126
263,1981
180,491
221,536
165,977
254,1249
261,2133
257,1247
237,1821
176,902
196,838
228,997
176,384
184,640
278,2171
227,681
264,2611
254,2163
195,1455
201,2662
261,1881
217,1298
161,568
267,2795
235,594
214,494
265,1680
256,2520
213,91
263,1600
261,3076
174,443
229,1859
186,611
233,605
258,2568
181,725
245,941
242,1148
241,159
256,1051
147,1261
239,487
260,1301
231,677
250,1658
184,1477
156,543
225,1480
238,805
253,3042
151,904
261,2565
129,503
244,232
227,1012
259,1514
264,2373
155,1191
245,3012
203,96
224,1816
189,803
243,523
250,2136
174,1571
165,648
255,3379
210,660
217,1836
256,1214
181,937
242,2677
226,157
175,1020
257,2551
247,787
219,849
251,1668
198,642
243,3605
252,3062
267,976
224,1021
272,1724
179,586
153,277
170,651
242,1812
252,2706
158,887
232,2432
243,1725
278,1542
234,910
171,330
236,2217
180,548
239,719
154,700
224,63
227,845
243,772
218,55
178,476
205,98
263,2049
251,2065
259,3821
257,1096
244,325
255,1256
216,147
230,179
234,1878
206,86
165,303
176,487
175,1357
201,80
182,924
248,827
263,3316
224,189
203,919
273,839
122,1109
253,1793
206,124
210,312
255,2259
193,114
144,518
195,447
184,681
221,95
131,477
266,2363
257,4388
160,617
251,2386
198,305
239,2006
211,1905
232,603
252,1556
169,510
268,1702
245,344
244,3158
218,1499
204,674
246,320
232,1525
258,2528
185,349
116,792
222,1982
224,2360
173,535
246,208
259,3637
171,419
176,727
193,1184
187,366
169,666
237,1126
141,657
198,145
192,1195
187,653
144,610
258,3529
188,703
161,889
257,1194
183,1158
228,561
253,1132
270,1377
217,1935
188,353
207,123
241,1562
160,538
181,135
163,765
245,1733
224,1319
216,1049
268,1981
207,683
260,1077
173,548
222,3178
213,699
170,479
242,1277
249,1371
240,322
183,1661
191,1615
248,1931
254,1652
249,1270
254,1923
257,1201
241,203
233,699
218,84
193,938
260,4761
243,646
221,849
177,530
236,632
166,503
204,774
120,490
165,261
231,2080
261,1021
229,663
262,3001
260,2587
171,806
236,664
262,1290
265,1901
145,505
231,659
236,851
226,688
258,1337
224,224
259,2007
223,788
262,1336
257,2064
201,80
175,380
261,1282
193,755
230,1108
227,637
251,327
261,1477
217,65
174,653
261,1038
183,1315
214,1327
132,663
254,1969
245,1002
250,2163
134,684
199,554
284,907
249,1970
205,276
208,1365
220,750
259,1282
234,624
126,577
260,1286
259,1648
168,404
227,1485
272,2848
259,1225
224,1702
166,596
262,1703
259,2457
157,497
209,274
173,535
160,1171
262,2479
220,1462
192,323
203,615
216,866
220,1011
261,2185
183,393
264,1646
182,603
209,671
174,653
272,1463
228,734
231,661
182,335
213,381
173,548
262,1493
270,2900
179,473
269,1116
247,2292
214,72
253,813
199,683
207,2266
261,1268
132,500
231,659
174,856
245,2181
184,349
241,2770
132,337
173,900
181,363
157,634
193,114
146,391
230,699
218,470
224,835
225,2118
243,977
238,1864
208,94
228,621
253,1452
237,1624
281,1457
183,1158
263,1072
247,866
197,310
185,466
240,264
166,598
252,1199
237,2175
265,1462
240,1988
252,1824
226,415
227,281
203,104
236,1718
266,1790
264,1589
226,800
231,1891
257,2214
209,537
256,1214
169,444
176,523
199,1301
130,508
194,627
165,514
246,1488
259,2576
239,1697
213,107
251,1596
246,2980
238,1771
208,2485
255,524
254,2832
245,1733
226,74
211,1791
158,606
265,2398
160,540
210,1262
177,365
251,3706
170,581
249,3005
260,1635
212,1381
252,3824
260,4365
254,1111
258,1158
162,528
221,164
205,298
162,203
182,1911
205,1357
124,1149
257,1167
159,470
252,2023
260,2320
235,1612
261,2612
242,2746
281,796
153,734
228,1765
255,2613
250,900
248,990
256,805
222,60
262,1590
240,912
274,1355
188,1017
182,367
226,701
225,94
158,606
264,1425
211,107
205,489
215,1772
257,2908
196,617
203,615
147,1261
266,2433
218,55
238,1899
231,1208
254,3115
122,1226
210,119
243,1345
244,320
253,455
176,479
217,2698
183,691
208,56
226,824
244,2744
197,281
262,1744
213,128
266,1902
244,2076
258,758
205,3609
170,510
266,1083
186,373
217,68
233,199
161,1028
258,3633
198,345
232,712
269,2664
266,951
149,644
209,1147
253,3279
130,962
226,701
269,1422
262,3139
187,182
179,130
252,516
202,73
266,3054
196,141
272,2906
245,3602
255,2142
250,886
247,1027
197,846
197,316
178,612
198,1605
269,1751
226,85
250,2985
265,1810
252,2065
184,630
169,500
227,2003
226,2334
186,143
199,2022
166,831
181,414
187,435
203,117
223,686
236,630
242,1126
181,178
203,662
253,1167
265,1861
247,744
148,630
239,1188
266,1667
266,1902
175,470
210,122
252,1677
258,1113
247,2219
202,1231
256,2846
268,1543
259,1228
128,586
235,673
155,276
211,182
239,675
242,1269
268,2170
258,2415
197,782
251,2553
258,1201
166,596
257,3379
258,1740
254,1695
268,2844
182,440
183,1297
238,3715
200,285
243,3011
169,509
261,4380
262,1181
168,457
218,903
259,2943
270,1377
248,1721
213,264
225,576
163,1165
270,1420
220,1229
267,852
257,4018
262,1985
266,1759
131,584
240,133
250,615
217,334
171,383
217,1155
213,1009
251,3728
257,1194
127,697
210,93
209,1112
238,569
265,1861
266,2098
277,1889
129,479
268,1745
265,1109
221,461
131,507
217,921
264,1589
194,131
196,98
222,1291
189,651
162,1170
246,208
248,3893
162,696
222,2103
180,466
231,2665
204,188
262,1349
226,624
134,652
267,2553
160,528
243,842
250,2726
236,1165
260,1203
261,1161
209,135
202,106
132,496
153,558
210,929
169,831
246,1811
184,342
251,1897
152,703
207,2266
252,791
190,506
177,397
176,487
210,1262
241,234
207,284
265,1846
255,2195
178,654
255,1052
255,1218
266,1670
177,453
205,267
168,963
230,498
236,676
261,1886
254,1434
239,1511
242,2997
244,379
251,1068
219,1544
260,1203
156,780
280,1882
194,890
176,1614
230,1400
206,1152
142,835
195,358
208,99
144,1632
272,4084
163,578
253,456
224,3195
216,512
160,917
255,1039
178,622
230,946
226,624
258,986
200,611
234,1992
140,527
267,1400
218,1135
238,1253
142,618
245,1097
206,409
202,1224
137,714
259,1159
147,731
236,1413
266,1759
248,2719
270,849
262,1590
251,2033
226,157
175,154
251,3908
173,452
199,200
261,1501
249,3744
252,1618
233,1539
191,114
248,1237
219,1586
227,2582
259,2769
169,341
177,517
254,1807
230,635
224,835
265,1659
218,518
264,2355
257,3085
264,1722
237,1041
262,3203
204,1041
275,992
228,1549
180,182
233,687
192,1218
228,665
201,122
247,710
169,831
193,774
202,97
166,596
180,499
257,2742
250,1309
192,692
134,530
218,518
210,111
205,859
245,1573
243,641
204,1486
258,2528
254,2420
260,1243
215,108
119,545
236,1192
251,726
256,2618
254,1142
175,573
251,2065
246,476
201,256
205,263
235,778
230,695
224,65
241,764
161,316
172,1018
250,1325
257,3304
257,1253
252,901
223,573
217,353
253,3628
265,1948
216,1049
242,1590
254,1386
256,849
224,1604
267,1791
180,1820
273,1693
164,339
236,646
189,351
267,1791
167,509
219,1544
203,1171
227,2205
237,567
178,476
204,1210
252,4116
190,1380
204,878
218,2709
253,1332
181,1195
171,318
130,962
178,799
205,87
259,2661
134,752
253,2869
200,1898
191,900
211,1481
255,3535
173,918
221,415
232,514
173,900
194,499
241,1462
273,1452
142,618
204,101
237,525
127,771
155,505
202,714
142,427
248,605
231,550
176,523
247,1165
205,1379
178,792
172,1265
261,3669
179,122
188,408
196,120
230,710
205,256
196,2996
245,782
124,1149
205,244
212,250
251,726
188,698
134,891
256,1164
263,2499
220,146
262,1623
204,790
258,1740
244,1357
251,2533
268,1017
259,951
242,1608
256,2401
217,2279
168,655
182,427
226,673
257,1253
178,2121
171,441
205,129
248,328
239,1035
157,1180
255,3319
261,1193
174,955
261,3076
207,1455
256,1315
244,1532
162,723
213,2963
264,2595
139,427
195,301
260,2297
198,816
204,121
255,1133
262,3918
184,882
158,273
224,2318
156,1073
129,761
176,557
261,1417
178,654
207,2051
178,622
164,296
224,884
208,302
218,117
172,1018
179,585
144,569
136,1206
146,590
260,4040
176,481
237,992
257,2742
261,1060
213,810
156,753
189,831
244,901
184,169
256,4365
253,1804
255,2464
181,1195
167,990
159,687
214,92
224,2318
239,3235
260,1120
229,704
216,1049
234,436
239,1562
252,2807
264,2373
261,2733
213,198
208,2485
187,435
223,180
266,1121
128,787
146,908
187,631
254,4370
281,1453
128,919
129,479
148,808
195,2000
132,927
252,3856
255,2749
229,663
224,607
214,568
178,659
206,110
249,1293
239,675
243,1114
247,271
216,830
174,444
201,668
193,1031
257,2522
211,1499
232,1149
258,758
244,1281
170,562
252,774
280,1882
225,1272
258,1856
162,2243
202,769
208,123
197,846
255,2269
253,1211
228,666
241,1951
266,2260
188,408
226,85
223,1980
244,1311
214,52
247,2278
262,1307
156,539
220,2298
234,544
216,110
144,278
264,1589
241,1269
211,148
220,1369
236,1281
231,983
246,2359
164,630
244,223
238,375
263,859
214,175
252,3135
150,469
175,373
164,554
261,1881
192,163
175,848
191,705
262,922
245,3774
185,110
224,189
258,1296
253,238
254,4301
244,774
250,1812
254,1300
186,148
126,526
259,1282
259,3268
205,1506
221,517
260,2712
267,915
223,1824
249,2515
211,330
220,189
214,232
259,2492
227,2578
227,691
238,2355
241,579
164,361
191,541
222,718
259,2943
146,555
238,895
193,157
234,791
147,504
226,1548
136,452
232,514
260,1288
134,623
142,974
251,1362
252,1475
212,220
139,645
225,2627
259,1572
151,904
243,1282
236,2217
226,1112
190,400
191,432
165,648
246,1151
197,281
253,813
254,1142
198,410
147,504
266,1844
253,1564
198,1753
255,1343
263,1981
252,1143
199,166
243,2050
277,1764
234,720
220,146
260,1345
260,1881
212,250
116,1021
238,1253
169,466
195,546
114,611
201,2662
228,1136
281,691
181,479
243,1275
261,3669
206,1152
256,2381
219,794
150,990
255,2809
179,586
213,91
156,816
271,3751
238,375
263,1492
188,359
265,869
275,1414
257,3374
175,411
232,633
190,150
190,480
166,764
246,882
182,1129
163,765
213,699
269,2246
250,991
183,503
254,1923
265,637
173,564
226,264
187,366
224,842
211,89
243,1471
231,3075
237,1136
209,3472
152,1070
202,106
169,215
222,1312
192,337
234,780
250,809
207,63
216,63
214,148
265,3473
192,465
265,3327
258,4747
153,550
237,813
247,1165
251,2386
255,3760
246,1488
246,2316
143,598
257,2427
269,2738
123,669
153,558
192,348
209,960
250,464
165,957
225,890
248,1203
156,828
182,1129
250,533
253,1001
185,582
257,1648
213,91
280,1444
270,1420
255,2201
257,1101
237,1123
239,982
166,1211
224,660
251,2302
201,1608
254,1825
165,410
263,2186
259,1795
138,771
158,439
266,2433
221,95
236,761
254,1017
209,112
161,895
247,885
123,669
134,452
244,1941
280,1308
166,577
228,885
236,141
257,1589
207,63
267,1338
228,921
265,852
265,1462
173,682
171,577
172,399
176,524
245,3309
271,1160
207,226
154,843
248,990
188,703
232,616
223,788
246,2316
251,1188
186,148
219,71
245,1733
238,1320
176,902
185,747
200,344
227,1758
269,2480
240,915
262,1744
257,1149
133,846
238,845
162,501
221,302
129,540
259,1228
221,676
190,400
252,1844
223,137
160,609
249,727
273,691
224,842
256,2999
132,845
132,1840
255,524
181,459
186,357
178,659
259,1215
251,1897
125,701
215,3695
168,936
190,122
205,1726
242,2293
225,334
245,950
210,1132
174,305
263,738
252,2033
246,769
234,569
180,368
123,690
259,1195
167,389
254,1652
239,1070
185,376
193,2440
201,3041
251,2760
259,3310
165,957
187,435
192,688
223,75
176,543
250,1809
193,715
258,3299
224,3113
265,1998
153,358
232,1661
257,1200
212,907
227,1485
222,1291
189,351
263,1873
174,311
270,1420
153,550
186,1449
229,848
284,972
192,128
262,1439
251,2414
230,676
267,2995
148,315
251,236
221,134
167,413
221,133
238,1951
275,714
161,316
185,1318
242,1728
263,3073
255,3809
255,1065
200,215
274,1906
203,161
155,1325
164,808
176,523
121,774
251,3276
256,1252
247,1578
248,870
179,559
242,1014
133,1020
214,92
216,815
146,565
140,318
270,1763
180,947
163,759
191,433
214,232
206,156
241,2634
237,1009
214,148
246,769
189,555
259,1207
206,1084
110,722
212,1381
183,1315
156,780
205,1360
208,192
256,849
155,891
257,3374
254,1434
200,70
250,2787
140,837
259,3235
114,611
169,466
240,3146
253,3810
262,1289
251,2272
113,805
121,541
245,1813
167,726
143,678
182,353
203,932
166,764
267,2028
221,1063
181,479
186,844
279,1677
196,1961
246,2275
246,1217
175,439
178,476
267,1874
253,995
164,345
259,1514
224,1849
193,139
140,633
244,2744
166,485
155,437
276,1501
120,595
241,1249
198,354
135,737
277,1552
212,974
258,1153
187,405
272,1463
265,1109
220,1011
187,435
227,623
261,2487
255,2155
229,612
256,2520
279,1677
162,1840
228,642
174,311
256,4614
245,303
135,542
251,3276
153,277
205,256
224,693
228,2317
133,1217
258,1274
261,2052
184,655
238,1087
169,520
198,305
260,2198
266,1844
192,1745
257,1808
251,2287
191,460
229,972
254,1923
195,654
202,930
213,1407
163,591
250,636
253,440
170,723
147,539
262,1302
231,2198
165,514
201,3041
230,654
227,758
253,2410
155,891
256,1439
249,1790
159,515
180,941
284,907
254,2278
207,107
223,2491
191,543
254,3789
179,1549
230,975
267,897
176,672
261,1266
247,442
198,588
266,2193
132,599
274,1906
241,881
180,393
243,3791
214,594
234,1151
170,510
261,1193
260,2297
251,1695
222,1358
116,792
178,905
125,959
253,2765
157,697
228,126
249,938
256,2362
257,3058
256,2790
256,849
242,1014
221,227
255,2269
266,1139
200,339
222,865
231,251
256,3222
244,348
241,1951
240,912
255,498
248,995
246,3616
203,581
194,784
191,328
161,699
253,467
226,165
192,149
153,511
256,2790
177,457
156,1139
232,630
184,882
159,1463
262,1857
215,3695
221,536
268,1017
211,138
205,489
276,2702
211,1791
232,572
184,349
229,972
213,85
194,99
214,660
239,1070
221,337
253,479
188,485
267,1852
200,756
139,814
259,3821
198,305
201,1154
211,295
196,2638
260,1395
227,1207
228,666
244,1626
274,1150
260,837
127,940
188,985
254,658
237,585
202,209
275,1414
161,434
231,595
214,72
251,1839
217,2870
218,149
256,1524
227,1140
228,727
241,491
239,2128
246,2359
255,2878
230,516
183,1297
231,712
176,487
215,161
233,738
214,140
212,907
147,539
262,3160
199,1473
181,437
222,485
204,101
251,1188
156,556
223,748
277,738
169,726
164,536
247,2577
241,1951
244,2149
250,1812
274,1388
255,3879
255,3135
166,1082
237,2170
241,159
156,543
249,2681
258,1244
256,849
186,557
250,1226
262,992
189,347
176,599
166,596
249,1166
254,1282
238,1446
145,460
237,2975
268,2170
133,1014
253,207
216,133
175,822
244,232
174,1160
201,103
258,1200
259,4208
246,1445
276,952
244,1051
270,849
177,399
188,426
268,1880
238,1693
203,90
241,315
254,2997
257,1047
255,3649
225,1488
255,4036
216,907
251,2533
153,545
231,1095
251,1336
213,198
243,1096
221,133
127,728
278,736
257,1149
176,2142
133,995
122,736
248,1931
231,344
266,2433
221,1424
248,2517
273,1622
198,751
237,1575
243,741
201,3041
222,865
256,3222
233,1899
157,566
134,452
208,375
208,107
254,1695
237,813
243,3011
189,351
240,302
173,519
139,664
228,1089
166,764
259,1122
249,1118
262,2477
262,2830
256,1221
213,649
241,3257
234,887
246,880
229,702
112,816
132,845
223,716
174,752
179,585
256,1035
202,864
255,1039
199,717
191,328
265,1925
138,463
167,324
265,2469
273,1191
213,86
182,225
243,171
239,1471
254,2712
136,505
163,565
198,307
244,1416
214,92
148,315
163,415
205,269
264,1646
265,1925
238,375
153,684
224,129
163,459
236,360
168,758
230,201
239,1112
222,522
251,1289
251,1068
225,563
182,488
159,524
191,673
263,1780
246,2464
258,1158
151,662
195,86
247,1005
230,669
231,1349
278,736
188,1068
255,2073
183,691
232,616
260,1130
226,1104
135,625
118,893
199,200
257,1194
173,397
195,1572
266,1699
223,1980
224,1381
185,685
263,2760
248,1495
135,330
245,1849
264,1117
228,2285
185,1687
225,99
237,909
211,89
248,2517
259,2892
169,502
241,532
133,846
201,999
253,830
124,1149
170,471
227,1261
204,349
262,3918
244,1592
222,2524
260,1130
262,1753
241,924
266,2000
224,63
247,787
248,883
224,666
229,972
268,920
257,3717
205,244
162,696
134,752
189,1003
193,938
205,983
264,1828
241,2689
202,248
170,893
255,498
206,1490
244,1051
184,1477
180,548
252,1521
137,854
241,2836
174,722
190,1601
193,755
188,388
192,1030
125,959
203,699
168,447
227,2205
264,1150
222,2533
178,905
193,438
269,993
228,855
261,1042
260,4122
178,1129
138,950
179,431
205,106
254,3012
203,228
262,3175
203,1010
253,605
181,381
247,990
149,537
235,621
190,3512
164,1009
230,1616
203,982
194,1116
256,1064
180,444
133,895
187,151
199,343
123,977
216,72
272,1013
230,545
161,201
185,883
227,1207
225,122
154,1082
168,511
225,99
241,1412
133,1014
145,594
221,1931
251,1237
269,2823
223,597
160,859
247,2518
208,74
242,1742
161,324
211,130
235,638
179,856
187,781
253,3804
213,1336
195,654
156,1062
257,3391
252,958
184,544
231,3075
126,526
142,837
205,285
163,514
245,2153
244,232
146,721
138,463
162,501
127,468
233,558
176,451
232,630
267,2795
273,2875
188,732
154,636
267,2795
206,260
188,851
259,1243
210,176
246,2063
240,3146
172,540
232,531
232,728
189,913
256,2504
250,2163
262,1531
225,1075
231,251
256,2639
257,1264
243,438
173,519
247,1691
223,103
212,963
243,741
256,2362
176,1245
194,1116
176,618
182,1385
242,2018
256,1061
195,447
207,812
242,1014
256,2023
161,889
260,1015
264,1973
259,1795
192,337
251,179
257,543
220,136
186,1517
227,518
244,195
226,590
112,541
257,2064
226,823
262,1788
198,816
265,2525
254,1132
214,55
194,1422
245,3765
267,1874
257,1816
180,763
231,2077
261,2487
193,313
230,1241
272,1398
145,505
144,569
169,703
266,2870
196,1290
241,3039
228,115
228,631
274,1332
210,442
271,854
156,907
239,1789
191,1272
260,1327
252,4289
223,857
228,460
132,366
191,543
262,3160
252,2076
272,2906
238,832
212,1005
262,1418
177,399
128,464
154,720
263,1594
226,2652
159,721
169,520
245,941
231,2051
233,1597
188,732
227,297
247,836
253,1804
194,902
211,3121
250,1226
201,320
282,998
223,75
179,405
252,1291
232,3275
205,1156
243,1052
255,700
240,860
228,1017
256,683
174,631
218,1404
209,274
259,2385
208,803
223,1799
192,1261
210,118
202,569
229,504
217,2279
188,877
160,488
183,840
232,573
254,1142
265,1647
204,593
249,1187
117,690
170,471
220,555
241,712
183,372
260,2373
194,343
233,605
166,693
219,514
271,2353
263,1072
129,652
204,593
223,686
249,2136
164,1441
209,1500
168,419
254,1017
271,2799
230,1881
188,423
231,2648
196,1259
251,2302
141,749
117,860
190,356
233,1899
192,1633
236,761
244,2965
225,658
268,2170
198,1281
260,2525
211,208
244,2445
282,1625
262,1181
265,852
201,1055
265,3327
209,93
256,4935
187,1164
164,436
220,136
171,510
142,338
231,1208
258,1221
205,983
202,89
249,3002
249,1970
171,806
231,661
163,814
257,1283
229,1562
245,1956
204,278
174,489
257,2669
258,1166
217,1181
212,2491
132,663
249,1687
254,2660
206,260
215,1772
184,449
205,495
225,1488
252,1911
162,203
264,1805
171,1081
261,3076
266,2004
228,1278
183,691
201,318
185,679
179,711
202,1224
226,1112
260,2247
231,1349
118,598
247,201
153,290
187,207
267,1601
241,3039
199,683
234,636
195,487
178,659
125,471
257,1836
167,990
237,909
235,957
261,2059
172,471
185,110
226,133
197,846
244,901
233,574
263,1165
243,1432
209,529
241,881
162,494
256,1117
128,391
252,2154
250,2214
236,2217
176,423
258,3377
258,2415
179,762
203,698
233,573
262,3036
195,1061
236,165
148,273
207,903
154,1002
222,718
124,510
248,1520
216,1989
255,3255
193,1362
203,522
150,1110
209,722
257,2214
255,3148
199,487
229,1397
169,564
259,1159
188,2193
165,680
174,1160
216,187
255,1256
251,1532
244,363
179,856
152,1103
142,974
259,2404
267,1400
258,1244
275,1031
177,578
226,1972
205,256
246,1811
241,1252
238,1004
243,2127
123,3484
233,693
235,3036
178,1019
265,1647
224,574
246,1441
182,1385
193,139
246,769
214,99
199,257
154,889
259,1255
242,568
162,942
161,902
257,882
281,1773
273,1055
254,3866
256,1762
256,1416
256,2790
165,457
140,829
272,967
223,1308
264,2781
161,324
252,1162
238,1513
224,549
162,501
263,2518
223,1599
178,2121
148,574
203,268
244,1348
261,4380
258,1317
234,1143
253,1307
244,1357
186,873
263,1754
148,592
158,2216
272,967
287,676
259,1284
262,1033
249,1687
196,2996
235,1377
252,1844
275,1668
114,583
130,962
167,1327
164,518
150,469
200,806
153,1846
138,935
206,2127
255,487
177,168
259,2203
267,2135
261,1280
247,1753
264,2217
233,1479
158,669
256,1151
204,115
275,2057
183,2995
246,1723
170,620
217,1181
262,1788
198,815
172,610
165,2468
239,182
272,2138
271,1168
146,565
207,1137
229,147
240,210
261,2344
248,928
110,1147
224,488
193,2440
208,371
217,698
263,1779
245,337
234,607
161,520
252,1058
203,68
208,1627
183,888
252,1588
285,806
228,720
265,2262
222,373
271,512
164,1714
250,500
259,2404
157,528
204,116
240,804
255,498
195,434
208,916
256,2618
202,326
210,538
223,2491
249,1687
190,1380
181,610
253,1027
224,224
224,1052
218,59
262,1391
193,157
128,747
240,1098
188,808
156,1073
238,2516
224,607
171,523
210,1017
262,1623
255,2677
264,1760
208,90
174,1571
231,639
225,1755
180,368
271,3380
260,991
251,1741
208,94
182,225
224,693
250,2926
217,698
261,1354
269,1713
172,438
259,2322
263,2587
132,337
174,419
231,1941
247,2022
260,1416
253,1332
189,934
243,250
249,2978
253,3810
161,1144
255,532
259,1255
285,696
223,1281
243,1954
155,557
251,1399
212,114
248,733
169,608
249,1275
247,2667
228,885
272,1336
252,1213
251,1528
203,117
196,2183
133,873
179,774
230,985
162,723
190,3512
226,624
163,439
266,1699
223,989
153,734
252,1660
249,2839
186,442
231,1464
253,659
261,1183
259,2492
239,1035
219,2814
244,320
243,403
232,854
237,2754
258,811
249,383
148,572
127,468
261,646
232,1661
192,426
216,138
218,1046
249,2837
221,1138
191,836
174,305
186,169
181,725
213,198
170,562
241,712
248,361
256,4175
174,1160
154,535
140,527
274,1487
221,166
205,996
237,1115
177,124
270,2636
221,3289
271,2932
253,1027
153,632
148,808
121,1336
245,350
134,452
183,608
206,2520
224,139
253,1332
189,378
221,115
176,180
257,2214
251,1068
240,1110
162,511
241,1889
203,943
253,178
247,1017
127,697
192,762
182,2096
259,1266
256,1452
226,1104
236,3498
210,3684
154,700
237,619
159,470
246,1797
263,3701
144,460
198,329
258,1237
249,909
141,431
125,959
158,611
265,2024
243,1266
169,373
199,932
246,1767
251,702
236,1718
249,2681
170,561
167,993
262,1302
269,1446
182,1129
180,675
269,1751
259,2943
254,2969
212,172
248,2416
252,516
203,99
221,1931
273,1693
203,467
214,140
264,3526
168,531
188,695
256,2147
217,81
232,637
262,1216
222,679
164,361
191,1340
229,626
175,848
191,705
209,93
257,3231
262,1823
255,3148
236,1049
128,936
248,2477
241,3932
266,1667
273,1285
261,5534
210,100
211,107
238,890
128,912
271,1409
225,620
191,143
249,2172
215,1184
168,954
258,1075
210,829
262,2665
152,913
200,134
167,472
243,204
238,2724
221,1116
264,3754
203,1475
167,358
181,1165
264,846
237,554
202,89
214,55
208,916
230,1124
248,315
223,346
234,569
242,196
211,170
263,3398
210,1617
253,2395
190,353
255,4036
206,861
182,427
246,1760
234,214
194,350
171,510
239,1070
230,122
254,1855
263,2633
234,1151
249,1104
216,65
259,1197
236,635
196,3136
205,1272
258,2949
163,428
263,1839
234,557
228,701
217,2870
153,684
238,1101
213,755
230,1241
267,3128
161,568
251,327
240,909
264,1939
122,745
174,537
264,2781
256,1214
257,1646
141,414
220,2838
129,504
258,1244
238,625
253,1892
204,1725
184,881
210,125
232,637
179,586
203,125
244,827
140,837
226,1491
206,321
203,467
274,1320
260,2247
241,1756
215,129
226,2334
268,1880
207,266
206,584
120,852
219,71
192,901
169,257
166,521
241,712
212,116
264,3490
220,557
173,647
167,475
252,1162
132,964
230,1744
174,1083
155,505
230,155
177,724
125,425
237,2975
235,596
262,3724
206,98
236,141
258,1230
269,1116
256,2790
262,1531
178,362
188,772
180,396
262,1289
210,178
228,520
201,256
193,537
265,1131
232,642
263,1891
194,1458
270,3373
161,684
260,2486
232,1525
186,962
208,3282
206,292
213,128
164,361
184,1055
165,303
275,1495
166,545
189,831
166,1473
262,3139
124,890
248,2345
177,546
161,1249
175,368
266,1902
244,1022
239,1112
204,1397
248,2565
198,560
230,1059
254,1061
129,425
203,848
269,1023
170,620
222,892
243,3605
203,472
203,165
257,3680
210,1132
248,612
203,1901
180,553
248,612
186,827
236,1413
233,2417
239,1789
274,1789
164,892
138,888
163,340
153,684
270,1654
264,1478
238,2724
265,3190
252,1039
183,1577
181,1161
224,271
273,1386
249,1908
141,1285
138,846
231,934
247,663
242,1678
148,574
184,449
179,706
186,544
272,1924
236,832
259,1008
229,592
238,832
205,129
162,299
263,1072
174,311
242,2317
153,558
258,1210
152,791
199,717
152,631
233,1561
252,2691
139,1077
221,588
267,2799
150,840
255,2677
199,665
258,2619
257,1911
150,1356
213,782
186,544
246,911
269,1422
237,1497
272,1353
172,763
148,437
126,1069
177,424
167,356
147,504
177,557
228,1289
209,1571
244,995
198,291
262,1289
243,4103
187,670
190,530
243,1367
177,764
190,356
194,606
153,649
188,808
278,1542
172,366
178,659
223,922
247,2878
177,318
264,2262
265,3190
258,2430
144,1632
266,1759
213,86
179,427
264,1939
197,591
269,2246
235,2640
164,542
225,890
252,2065
221,1116
165,475
229,540
226,630
161,408
171,485
222,1055
256,2555
216,72
222,1189
247,226
178,476
262,1958
232,572
242,1266
170,215
250,923
257,2483
267,806
138,664
222,1982
245,1002
204,1211
259,1183
140,621
222,2103
138,610
273,1629
167,807
237,3015
121,541
274,1598
172,350
213,107
250,886
164,197
251,659
151,542
252,1291
184,521
166,2905
253,1167
248,1495
252,3437
248,1298
248,1241
167,338
260,2198
153,550
229,147
240,159
237,567
224,2126
222,2533
217,2870
153,290
178,405
171,506
207,99
213,91
225,3669
255,498
184,1242
247,1154
177,456
251,388
197,310
173,433
252,3173
173,682
176,1614
254,2721
233,954
232,3579
256,2024
203,312
208,107
220,78
252,2807
226,1616
232,1661
216,830
186,827
223,748
255,3109
198,121
233,1539
216,187
195,1731
260,1320
158,497
244,186
194,432
147,539
183,1315
226,2334
169,506
246,1767
265,827
256,3085
161,895
254,3789
171,1155
218,100
245,1369
272,1724
233,2184
195,799
112,1149
258,1195
260,1395
181,119
130,1018
255,2142
232,3455
234,663
263,1763
137,1006
173,389
234,628
264,1805
203,381
259,1266
262,1649
190,395
236,141
261,1060
156,538
256,1515
261,833
209,1500
261,1281
207,812
215,178
202,107
222,563
150,840
244,1633
243,4103
162,1069
197,782
260,1635
230,676
229,1397
139,906
140,633
172,350
206,110
281,1453
219,4099
232,1225
259,1240
235,1296
260,3158
253,2376
184,881
201,1028
247,1467
209,1147
249,2371
246,911
175,424
261,1280
116,1442
247,1415
234,720
263,2049
185,333
248,671
259,1025
172,540
215,117
144,426
200,218
230,124
240,1299
156,1062
247,2414
226,494
247,1043
175,373
254,1434
199,351
246,2316
227,297
213,1009
122,1109
261,1779
267,2995
217,1074
190,651
261,2185
224,65
161,434
237,1575
129,2815
213,86
135,737
175,524
272,2906
204,284
251,1938
253,900
258,2774
169,592
236,457
205,87
174,955
246,2943
118,598
261,2675
213,1407
264,2441
239,2320
252,1058
167,576
148,574
258,2674
248,191
246,573
214,599
255,2142
257,1816
230,155
250,3458
263,3835
159,490
201,112
257,2643
231,717
143,598
175,569
121,1336
206,919
238,1244
274,1355
179,711
259,2722
234,1389
256,2401
215,201
209,199
248,1203
228,155
245,2442
257,2347
198,1605
219,73
243,1432
242,268
198,1581
197,1481
163,814
182,924
238,1669
255,2677
185,720
257,1727
233,1032
174,493
209,256
256,2846
235,1377
170,2092
174,856
218,173
265,1998
230,695
100,1145
127,1314
186,1174
227,539
240,3586
253,786
234,607
243,772
239,182
248,2474
253,1361
215,245
174,1160
261,1787
144,675
217,1074
180,182
162,942
248,753
216,3195
261,3052
187,2766
255,2259
189,934
215,906
250,768
173,389
240,234
254,1349
226,854
222,373
173,891
263,3701
197,563
206,1118
223,989
127,938
184,544
264,1814
170,730
193,326
257,1984
134,684
224,1052
252,1911
230,2148
229,381
139,601
183,823
246,280
246,2316
248,883
214,118
264,1849
260,639
224,69
220,136
244,1468
239,3784
254,1098
262,2399
262,1698
212,1399
166,510
243,1179
249,3186
254,1090
252,2706
250,2136
225,3284
244,624
131,977
148,1187
212,1366
194,1058
241,2346
267,852
187,541
185,789
205,70
244,929
265,1659
257,1199
226,60
176,450
249,458
252,3437
246,1731
191,677
167,889
156,828
201,80
229,676
266,1781
250,2795
182,711
224,574
235,1136
171,282
157,497
233,1636
264,1814
235,416
254,1017
271,1168
211,330
257,4021
234,910
269,2923
244,330
208,1613
249,2043
239,1511
123,977
263,2499
232,2063
172,1018
198,307
142,1137
194,1458
168,462
155,1815
262,1336
263,3073
229,749
121,1322
237,985
214,494
204,790
269,2912
196,1209
250,1814
196,2996
263,2086
163,415
157,620
220,136
174,631
247,857
171,506
241,803
190,790
205,673
202,95
257,2347
198,479
175,395
206,849
244,339
266,1844
263,1138
271,1247
153,734
196,2638
272,1426
225,122
246,2980
214,2161
236,743
248,837
266,3790
204,1225
236,582
145,505
249,383
272,1426
216,1989
217,1181
271,1573
185,1318
244,1468
247,1421
191,2098
252,1236
153,310
164,1009
177,1776
252,954
250,769
168,1062
237,259
247,2697
247,1982
259,2722
229,186
202,73
262,1583
197,316
255,909
144,569
242,665
206,845
230,695
224,65
170,326
229,2209
257,1194
262,2115
256,1037
237,2975
236,3498
237,3290
244,627
182,440
256,1051
198,1269
193,450
170,602
202,3124
206,1084
196,2638
208,3282
206,803
170,423
210,335
200,392
214,494
172,565
222,718
238,923
259,1243
211,572
236,579
266,1343
177,629
259,2661
158,627
132,648
224,3113
190,150
232,1225
254,2187
261,2717
281,1453
259,1279
258,1274
242,1366
253,954
199,166
247,1753
211,193
228,666
214,162
243,1397
246,1217
169,502
243,1502
244,1468
147,295
179,515
238,3302
265,643
261,5260
158,960
255,2269
202,95
251,2386
253,1452
243,783
264,1170
169,564
264,1886
186,940
257,1175
184,521
202,264
251,194
163,1310
227,1485
215,3695
259,2179
237,701
209,217
253,995
138,847
264,2678
241,2346
206,1490
232,2063
133,873
201,829
184,630
240,1866
243,1367
241,3039
128,586
155,891
251,271
258,1201
228,1549
221,71
167,338
246,2239
260,1047
198,145
252,596
224,607
179,816
259,2003
132,605
251,3908
146,1126
178,905
243,1564
221,95
267,1874
228,997
157,647
232,176
218,100
145,611
163,508
125,1230
196,1249
268,2801
180,666
170,415
242,1126
257,1264
264,3380
229,186
180,466
241,579
211,192
263,1891
242,2317
264,1559
267,1353
266,1713
262,1623
202,73
154,535
234,907
213,1336
204,1397
267,1852
175,848
257,1646
188,485
252,1268
169,608
255,2951
231,1440
190,651
167,515
217,819
257,1059
174,678
217,1155
197,608
122,736
188,602
207,812
227,281
133,1014
276,1802
232,1077
183,372
156,907
228,1549
226,3268
223,75
135,330
165,977
266,889
167,169
130,467
257,2553
190,633
171,1832
259,2794
140,328
170,479
205,1200
131,865
182,427
171,577
148,592
251,4024
270,730
255,1274
211,278
230,1616
213,198
190,415
204,188
134,317
263,1027
266,1956
172,914
178,536
211,908
264,1839
236,1153
251,1188
240,961
253,905
157,1076
207,1137
255,1170
239,1013
204,706
216,950
202,930
224,3113
167,576
122,610
247,2072
181,530
156,538
162,561
190,651
245,483
263,1203
263,3469
130,962
246,297
222,1312
255,1240
254,2536
206,1422
196,306
193,938
121,733
134,973
252,2706
191,650
241,1329
225,122
161,1223
240,1049
135,466
195,917
268,2897
148,269
257,1808
141,509
216,296
229,749
259,1284
270,1654
271,2932
241,1131
261,1274
238,751
150,451
171,441
201,1177
263,1200
225,123
181,119
261,1369
225,122
255,1009
252,676
208,803
189,347
210,121
240,322
156,556
215,373
187,781
259,3709
165,408
201,2487
205,1127
242,2028
139,427
224,693
270,2636
269,2778
222,865
253,1692
210,135
180,425
164,598
244,1489
267,1353
217,168
161,513
232,3455
175,386
260,1254
259,1237
261,1157
131,812
226,593
163,889
146,555
260,1233
162,1527
165,303
191,742
168,754
183,2995
170,429
199,487
217,1503
183,888
171,429
220,78
193,2329
266,2000
219,514
134,530
258,2501
145,610
238,1101
175,409
194,702
165,410
255,3535
245,1769
266,2761
214,535
127,863
192,1261
243,641
196,337
250,900
216,996
242,1859
219,459
261,5534
140,318
170,581
217,2022
259,1135
259,1282
177,491
241,1756
260,1269
156,1073
262,1863
259,1217
230,1616
236,1082
253,1204
260,2614
163,450
252,1291
259,1229
274,1388
250,1226
223,1252
216,95
240,777
185,445
263,1457
173,1170
122,1109
252,1239
167,646
192,384
244,1941
263,3023
125,872
217,1768
195,511
226,201
217,921
157,647
214,118
266,2373
260,2525
256,3513
179,473
181,178
260,1915
247,2577
167,374
221,1545
261,2565
193,1504
267,1529
251,3276
246,303
217,1654
253,548
142,427
262,1482
167,374
192,956
174,305
259,3310
203,2794
182,427
273,1750
264,1814
263,1594
238,819
230,1711
266,1049
266,3790
275,1583
241,1394
253,1167
254,1996
222,679
229,725
204,674
173,564
210,122
226,85
205,1506
263,3469
143,543
154,508
163,450
238,1446
160,530
210,93
132,337
182,722
216,147
273,839
196,1220
195,365
212,963
138,888
267,3316
207,248
173,533
249,541
260,2712
265,3473
154,889
136,452
156,569
245,1813
265,1861
218,67
237,1330
261,4130
275,1414
184,1242
176,450
176,2142
206,273
233,1386
174,828
167,509
217,2279
221,302
266,1866
197,591
251,2522
260,2880
181,178
245,417
233,954
161,895
245,331
179,811
259,760
206,845
237,1009
176,557
193,819
229,1103
266,3008
263,3409
259,1229
133,1102
212,1005
249,1687
245,826
168,531
222,1020
150,641
243,1266
263,2277
134,448
273,2875
144,460
196,3136
226,1149
220,992
258,2501
219,1637
198,642
219,2814
159,444
254,1996
247,1017
199,166
240,1265
146,707
173,383
253,1174
211,1905
234,780
221,1545
150,509
210,123
268,2170
224,660
151,662
262,2717
141,1285
261,1787
197,782
257,2086
154,770
147,466
182,427
228,701
234,663
257,1237
261,1048
194,702
263,2876
259,1270
222,1265
153,566
213,91
258,758
237,585
227,845
252,2274
162,287
233,1007
270,1728
231,2000
245,826
213,107
245,982
256,2504
148,1219
230,985
238,780
203,837
162,1527
173,442
224,594
203,104
259,2203
255,2961
221,131
258,1077
175,380
257,3304
257,1184
153,662
181,1674
240,804
222,1594
217,101
155,1082
205,87
229,1410
259,3268
202,326
206,1118
204,207
277,1662
261,1501
243,1230
213,2648
107,854
268,1558
250,900
257,214
127,728
272,1033
206,312
235,3202
269,2738
268,1880
223,61
192,1633
174,856
168,457
224,1133
249,579
175,134
213,824
150,997
186,1235
242,1608
128,814
200,134
245,950
183,579
237,717
213,1430
212,1005
227,297
264,1478
257,3304
192,901
204,774
246,1723
254,1108
248,1860
220,992
256,1348
258,811
222,892
172,399
256,736
241,2671
140,621
259,1025
257,2163
252,1144
234,1086
255,1244
244,412
263,2688
256,1416
210,312
252,1989
246,1217
188,1068
235,678
267,2016
177,1578
244,1468
252,985
255,2348
218,1567
125,864
205,1995
120,490
258,1230
254,2420
243,257
244,404
252,1199
135,466
170,602
235,523
263,1314
235,801
232,616
233,573
179,1456
241,260
270,1202
158,1012
264,1370
144,1319
212,250
253,2091
207,683
158,892
202,864
192,353
238,427
265,1861
263,1760
209,274
256,1083
227,1413
144,500
169,564
209,110
245,941
235,2580
259,2322
200,286
231,1095
267,852
245,959
204,1397
243,1266
206,849
231,1288
239,1102
265,1680
144,541
249,1350
161,568
212,1802
227,1109
146,628
221,3289
246,303
158,713
216,996
167,482
217,819
232,637
250,1159
110,953
253,1301
268,2122
245,2442
208,74
257,2182
129,479
225,2049
200,303
204,347
218,183
261,1382
128,464
256,2024
207,284
179,407
134,623
265,3327
254,2230
252,1078
261,2504
257,1237
249,2788
193,774
191,143
267,1910
187,182
249,1375
263,3186
148,624
190,790
247,995
201,48
260,2198
217,1155
264,2355
247,1691
256,1762
250,789
167,889
251,1307
215,1486
163,889
280,1882
215,125
256,2147
136,955
199,335
271,512
222,1265
177,530
243,1397
163,446
168,758
194,772
248,3373
247,2667
254,937
206,83
241,491
160,490
251,2479
223,989
238,162
194,343
249,1201
238,1235
175,438
276,1501
258,1219
260,1233
177,724
147,504
239,1789
261,2052
196,1437
207,108
258,1025
259,1183
234,624
215,123
192,1218
260,2226
217,737
228,631
207,643
185,1309
266,1162
185,1687
216,1989
220,187
247,2600
253,1793
178,320
181,414
201,999
251,2302
207,125
201,829
193,438
217,2337
216,270
163,483
253,1947
179,688
224,1849
233,2184
196,1492
222,57
249,3172
173,383
194,305
207,108
203,837
259,1830
213,64
152,597
266,2567
248,1546
225,1272
173,452
219,1391
227,2003
139,515
181,821
248,2477
244,1389
248,361
212,907
235,594
134,1179
265,1521
132,845
259,2203
158,713
243,1326
180,528
204,92
235,678
148,531
266,1826
263,2587
258,1051
243,641
261,1691
173,580
276,1691
239,2320
257,2163
255,1063
177,569
240,1866
253,741
162,287
228,2754
270,2892
248,1948
203,525
177,424
168,452
261,3003
231,702
228,1145
242,1294
200,303
176,599
188,387
244,2864
175,774
263,1700
263,2876
248,2974
262,1490
237,2470
199,73
192,688
249,416
169,726
257,1059
213,97
246,1445
239,982
183,888
252,2076
213,381
223,573
268,1917
244,421
202,338
232,683
119,632
229,1059
273,1285
231,683
251,1439
228,745
168,452
252,1442
174,1071
256,1416
211,89
201,890
263,3584
227,297
254,1893
206,409
125,425
249,508
165,957
268,1971
149,453
250,1941
248,1948
255,2671
143,1177
230,1595
245,2442
232,712
125,1207
222,373
185,328
245,344
196,2183
224,1467
231,2080
205,1360
213,91
147,518
140,1258
233,1479
232,728
272,1128
214,3743
263,1000
235,1901
257,1720
234,1992
248,753
176,450
267,897
178,476
202,799
252,1078
274,1067
214,839
275,1414
184,1504
270,1667
237,525
266,1121
234,2387
219,55
249,1911
207,248
258,2949
263,1072
254,3167
157,1076
157,1320
203,1171
166,1473
217,334
181,304
250,1419
159,470
237,1344
269,993
229,2209
204,774
186,972
205,1726
261,1193
273,1047
272,1888
247,284
237,2170
256,3682
226,854
250,1814
176,487
261,2588
227,1241
180,675
185,141
258,1153
170,581
254,2520
263,2499
260,1330
142,581
256,753
203,96
255,1202
266,1768
168,546
176,902
184,169
260,2525
243,2464
157,1320
215,1027
176,1782
157,536
135,752
269,1713
259,1437
232,176
178,600
153,666
262,3036
211,105
228,1017
271,1682
262,1017
203,835
224,666
157,964
174,493
200,290
210,106
156,683
254,1282
223,924
256,2520
154,508
198,479
264,2217
258,3789
205,489
252,1911
236,1192
239,1013
248,3893
271,3751
176,599
199,554
258,1331
237,985
163,591
192,1581
247,1982
165,410
261,1280
173,428
187,152
242,1126
219,1155
280,1775
233,800
168,1150
263,1754
239,1359
261,3314
209,1500
246,120
231,702
238,1446
224,655
165,417
164,430
269,3078
271,1160
235,678
151,662
220,822
273,1597
176,1614
210,538
211,162
273,1775
260,1288
240,1988
260,2712
221,415
159,721
204,116
123,624
251,2386
206,86
228,946
170,542
161,201
129,424
255,1574
175,373
255,4503
254,2997
197,809
219,2814
236,1012
203,1057
191,1000
169,405
183,414
227,600
250,1911
258,1219
216,296
144,460
234,2387
179,1549
259,3376
175,460
269,1592
228,1765
261,2588
163,328
198,642
182,711
181,561
184,349
163,428
216,512
216,815
231,712
212,1366
232,637
189,651
187,117
174,403
217,1935
206,919
217,1192
220,1369
254,3383
253,1204
216,71
241,3932
227,1140
166,831
140,318
260,1130
141,488
141,338
266,2870
270,2109
244,1942
157,497
254,3789
254,2721
238,780
225,122
273,1191
235,3036
171,503
256,1223
237,567
217,878
219,849
232,2432
242,1045
141,488
248,837
172,471
264,1908
194,1458
144,854
158,887
248,928
236,1281
233,720
177,124
220,438
197,678
202,120
181,438
211,956
255,2961
231,1941
167,569
190,3512
174,494
272,2138
266,1826
253,510
137,599
252,2640
204,206
199,98
201,521
228,108
237,585
226,640
240,2470
262,2830
229,702
199,298
261,1979
190,416
211,853
165,648
254,2564
254,2454
244,1776
201,66
211,956
153,715
232,1318
156,289
185,328
197,791
250,1840
134,684
139,1290
184,349
179,431
165,517
255,1161
236,851
225,642
209,689
256,1080
245,3602
222,689
199,298
237,573
255,1074
161,568
236,1153
227,1113
205,1995
175,701
189,892
239,2006
214,52
258,4366
234,1274
176,1079
233,1918
258,1244
196,1961
260,2119
241,1970
211,1481
262,1590
139,734
269,1880
128,912
211,53
144,594
123,669
233,1899
254,1893
250,174
238,2114
217,1298
198,1269
210,3684
161,408
240,1035
185,445
150,509
259,1795
192,821
263,1578
251,2735
219,1703
252,2047
239,840
258,2370
170,429
269,2356
217,819
258,2186
244,1776
183,458
250,1384
151,662
225,334
233,199
121,791
255,2977
277,1000
254,3554
241,491
252,989
260,1320
198,614
258,3478
247,1634
250,1068
236,851
235,1040
188,320
166,831
165,957
179,431
167,501
248,2517
254,2712
242,837
273,1480
167,389
229,1373
125,890
253,2540
242,1531
157,445
204,863
211,2692
194,3184
241,2346
151,1588
255,1099
181,725
226,2889
184,349
192,1391
256,753
130,625
240,905
232,642
256,1561
236,889
252,1805
243,4103
263,3409
262,3203
137,854
268,1085
175,386
192,762
258,1075
257,833
190,150
273,1693
256,1561
132,500
260,2257
250,768
213,476
229,612
136,452
258,1008
269,2626
158,627
218,142
224,271
176,479
259,1437
281,1453
232,531
205,1127
156,510
262,2361
146,526
210,111
171,506
206,272
238,923
255,2555
266,2098
133,995
213,1812
220,1275
159,834
212,1439
263,3186
250,1068
196,1011
237,992
213,211
184,596
228,187
167,358
243,641
254,1068
199,1118
161,494
252,3856
214,813
153,734
168,655
234,1463
217,962
177,959
220,822
260,2525
226,1548
207,194
251,1462
211,193
163,514
222,3748
138,833
249,1275
261,1886
252,204
261,1193
150,1079
265,1757
225,1272
164,1714
178,1019
254,4370
257,2908
203,117
199,665
247,1999
211,295
247,271
253,1332
225,1403
153,571
246,933
232,637
219,112
210,1017
216,1181
216,2220
260,1723
238,850
245,807
226,1401
162,274
232,1623
196,2183
219,1359
215,129
194,2307
230,654
210,1208
217,68
185,349
223,1252
271,1220
183,435
144,610
259,2274
185,880
188,408
256,2520
263,2572
262,1863
181,1621
251,3078
179,149
261,4765
273,1016
244,1939
249,1970
230,498
209,457
210,190
244,872
261,1881
158,441
163,514
224,1075
172,478
195,1061
255,3760
268,1408
182,347
254,1996
214,599
203,161
262,1366
256,3215
194,606
136,622
138,696
250,533
248,1948
269,2626
170,581
192,1633
238,1771
148,624
256,2401
237,2754
190,3512
237,2141
214,999
250,2893
203,1588
131,977
223,1643
183,1158
247,2035
250,1314
247,2292
228,1625
188,808
135,517
146,707
183,414
228,727
230,1124
206,269
229,1103
160,318
181,984
252,1332
257,3564
166,510
259,1874
236,1245
254,989
241,203
172,837
258,3529
254,2230
250,1750
199,98
197,846
192,1306
235,548
199,3306
261,1736
239,2292
254,2261
209,537
193,537
183,669
225,649
159,721
243,1239
176,379
247,201
231,2077
156,828
159,444
247,990
208,97
223,1414
265,3327
177,397
211,785
200,285
153,571
168,954
213,93
193,819
272,1714
253,1278
261,2612
257,288
233,1811
192,426
249,1350
128,924
260,1367
219,92
201,111
255,532
209,671
171,442
266,2363
225,1015
179,706
153,1008
155,624
220,187
194,627
201,48
255,2432
169,555
206,1152
258,1230
260,3553
180,826
156,283
221,1503
256,2362
211,878
247,1005
162,299
193,134
239,1471
181,123
191,432
172,914
206,1084
252,1169
161,1249
215,1175
272,1050
271,1409
259,2490
255,4407
186,873
202,402
203,1171
132,450
223,1254
241,1756
172,606
201,318
174,311
244,2865
188,451
198,354
251,1229
257,1184
226,687
272,1013
267,2028
139,811
160,933
142,1169
270,2521
180,393
268,1055
232,1100
216,98
120,490
205,87
155,923
193,1519
245,2442
262,2399
215,122
261,1886
252,577
219,501
160,612
171,503
175,154
239,414
210,795
240,2345
221,2363
203,235
188,698
165,977
132,496
246,2464
261,1107
165,648
164,892
116,1300
239,1697
260,4040
253,3042
223,1281
255,2809
153,662
196,2638
261,1613
206,258
256,1131
262,952
223,1184
237,859
243,772
234,560
263,1600
264,1828
253,1481
203,662
263,1146
254,1430
260,2880
172,832
256,1439
235,657
205,850
237,996
161,890
159,524
129,425
201,66
201,112
175,1357
260,4761
112,816
266,1844
202,1224
260,987
218,142
254,1923
264,2903
171,318
248,2040
236,646
260,1330
226,584
266,1826
199,1087
181,818
263,859
198,479
159,444
211,1905
180,2595
215,904
219,112
231,581
247,1448
248,867
215,2376
244,1776
234,887
255,802
231,570
275,1031
251,1188
259,1282
271,854
236,697
191,114
264,1814
244,330
274,1150
258,1127
139,1224
180,1820
227,1413
251,3728
250,464
243,1110
238,850
271,2897
262,1433
260,1818
253,3308
214,1179
221,3619
215,1242
225,576
214,162
226,665
192,970
135,330
229,549
252,676
181,341
241,579
267,1338
252,2640
191,1111
130,904
232,1318
211,1419
259,1458
120,1093
188,877
221,95
264,2262
261,2733
206,325
174,1160
157,1130
266,2611
229,1160
221,461
222,373
272,1724
267,852
234,630
266,2260
257,1767
221,2065
192,453
194,2435
124,1149
256,4935
203,306
256,2066
251,2522
255,2951
243,637
156,1688
272,932
266,889
210,795
248,2565
164,1009
252,1660
206,845
241,1517
232,1029
206,1152
277,2405
138,1143
266,1819
201,521
257,1151
232,1617
188,387
244,1776
252,2100
173,489
156,283
255,2269
158,887
194,1010
252,1162
274,1906
249,2681
256,1223
262,1322
240,2551
196,324
211,324
232,2741
164,1441
242,2013
256,3682
273,1775
190,1034
251,1291
164,1181
188,688
242,1859
232,662
260,3553
165,648
213,1403
262,775
270,2753
141,800
219,86
142,765
259,1874
261,3052
226,687
205,269
258,1237
250,464
205,113
248,3003
130,480
178,164
217,168
214,128
254,3242
210,120
272,2138
257,2788
231,966
199,257
254,1825
250,809
260,4761
174,301
243,954
178,716
199,98
190,391
234,544
219,849
129,2815
252,516
196,2589
262,1391
170,581
174,1604
175,474
218,131
199,298
163,759
217,819
153,511
186,519
235,643
195,86
141,783
132,1415
272,1013
245,2661
261,1340
264,2127
227,681
212,116
256,2842
220,1369
259,3235
122,389
226,1401
227,623
248,1354
217,2337
262,1017
254,2157
223,1025
189,892
268,1558
159,687
258,1331
250,590
174,849
232,1225
257,1225
218,183
187,876
267,1400
175,368
267,2860
239,1035
191,387
277,776
230,2078
263,1913
162,611
257,4388
246,911
271,854
247,608
191,332
254,3554
261,2588
171,506
259,1095
202,791
183,1661
145,561
254,1744
219,71
207,812
209,248
206,706
259,2850
194,337
157,1076
263,1093
197,348
207,194
225,3669
257,833
251,2241
188,688
253,1307
234,1338
254,577
260,2880
159,774
270,849
262,1436
261,1624
265,1846
252,2012
187,935
220,2838
176,481
225,69
248,752
185,376
268,1917
264,1379
182,114
160,318
204,1868
237,859
164,397
183,910
250,1309
138,664
174,462
150,840
143,535
256,3152
281,796
269,1037
237,1115
171,1155
232,1225
248,2967
258,1190
250,1215
118,756
207,103
216,100
229,3833
179,431
186,1174
213,211
252,2691
261,3314
210,190
233,699
252,2065
128,586
232,514
263,738
235,1411
257,4448
168,531
234,986
221,141
246,2677
236,632
229,592
168,546
273,2659
232,1273
267,1400
165,245
120,729
256,1164
220,1908
161,434
157,454
263,3316
202,329
256,1103
169,405
244,1412
223,597
163,591
218,1256
251,2680
213,198
252,516
255,1132
263,1732
181,363
235,621
266,1436
135,752
257,4448
222,81
253,905
250,1384
265,1846
219,1155
236,1882
233,532
186,1449
250,1419
165,261
210,106
229,683
260,4268
215,1193
201,1117
229,1033
193,1140
238,1522
243,842
180,499
258,811
183,2995
260,1915
266,1825
154,526
171,1155
270,2900
262,2439
188,1212
183,340
128,935
253,2352
127,771
211,91
270,1378
171,330
174,324
251,1839
141,472
114,583
261,1377
226,1149
260,2880
227,1524
241,2346
256,1246
247,2377
165,957
244,404
116,1300
257,2347
183,503
177,1176
184,1899
193,157
158,626
245,941
252,1844
124,1149
203,472
236,889
269,2738
229,639
259,2203
224,669
214,568
179,567
258,2415
167,1327
259,2274
181,411
206,312
262,1649
182,414
228,2483
229,683
119,632
254,989
158,441
172,399
173,397
185,124
255,2142
267,2995
255,3319
216,2220
185,789
270,2725
179,881
172,1731
160,457
190,981
191,1863
242,1014
272,932
241,2591
232,185
246,2102
261,2487
240,1408
255,2696
205,1438
156,816
229,1619
164,1395
208,302
236,617
168,448
169,719
210,235
266,1334
142,748
163,889
264,2761
231,702
204,1162
237,1344
262,3036
262,1490
222,1358
217,1171
162,693
257,3049
232,1013
253,2395
161,1155
249,434
150,498
172,493
187,117
161,520
263,2518
253,2250
114,654
259,3637
238,1693
137,854
273,2556
153,310
244,212
120,1041
248,2345
259,1232
267,988
272,1013
260,2402
215,1242
269,1037
213,91
254,2816
175,571
255,1547
244,835
199,257
227,623
273,1750
166,454
246,525
184,1361
268,2844
181,363
249,1275
164,526
215,1175
198,815
230,1881
203,919
219,845
257,3127
183,393
239,839
263,2518
187,653
254,2564
260,1123
168,963
253,455
257,3564
185,107
171,370
207,2914
202,407
255,3403
228,666
257,2483
164,296
249,1687
227,1111
269,2664
237,3015
160,528
229,3192
161,902
140,829
163,483
151,496
168,520
186,1449
174,962
121,1336
268,2207
264,1440
132,436
241,1517
243,1478
251,758
229,687
205,1995
168,511
248,3373
163,328
261,2344
165,504
187,719
125,471
132,599
169,257
149,644
210,231
273,1452
266,1334
175,573
178,659
256,825
259,4435
241,3710
217,327
187,207
258,2568
255,802
262,789
264,3490
266,1826
265,1814
195,654
254,3789
122,390
254,578
179,405
208,803
196,1437
220,438
160,2091
187,467
236,664
188,695
197,105
164,598
196,1961
217,609
259,2528
184,640
232,1330
273,1191
154,1082
235,2640
194,350
240,133
233,2183
262,3175
243,1031
209,529
144,854
250,1325
286,615
263,1072
260,2914
257,2572
151,542
206,2520
261,1268
224,801
261,1382
221,134
271,2932
247,995
202,714
235,823
219,1385
236,535
198,1269
230,946
219,1544
210,117
219,93
235,957
262,941
238,1004
137,599
259,1830
265,869
264,3316
225,69
194,2802
252,3062
231,550
174,1571
237,154
207,643
237,259
263,1727
254,1652
241,491
245,941
208,804
163,472
240,860
253,3804
142,338
218,1615
113,688
209,671
225,132
151,662
264,2546
231,713
187,461
267,1601
197,316
185,1309
271,3380
192,348
256,2504
248,910
251,1668
185,333
270,2521
163,565
199,695
271,1875
249,2179
254,2969
244,232
262,1462
171,577
254,3115
263,1630
249,1293
154,1098
250,2787
159,521
148,592
271,2769
246,280
267,874
212,1439
213,649
126,577
246,1055
253,1100
178,905
212,121
214,2097
139,685
208,3023
269,1385
249,1200
125,725
241,1435
213,810
200,2129
260,3158
262,2755
248,315
176,1782
219,845
255,3879
199,351
252,516
271,1523
255,1547
158,441
171,577
257,2163
192,145
172,832
163,402
254,2986
273,1016
262,1490
178,672
154,974
262,1531
205,252
254,2115
213,85
198,925
263,1668
234,1657
211,1481
249,1104
203,306
178,703
262,3001
197,310
169,342
215,154
232,1330
180,444
252,2023
252,700
208,415
225,1138
241,2851
151,462
236,535
215,161
191,1000
96,1089
252,1078
242,935
222,237
262,1744
148,269
248,2166
273,1775
204,349
236,3084
219,1288
249,2681
231,301
238,634
248,952
205,673
175,154
237,1330
239,1616
234,1220
224,135
241,803
258,2842
252,901
195,81
233,1002
254,2986
258,1606
254,2997
161,1249
265,1948
196,2638
270,2109
231,3075
206,861
171,141
247,995
196,109
180,347
160,457
262,1842
224,122
192,145
252,1556
255,1332
186,159
231,1303
212,105
191,328
249,2142
261,5534
272,1128
199,115
164,345
244,774
154,494
197,281
261,1354
248,2918
230,946
166,1082
165,461
204,674
193,1038
217,939
141,1101
214,232
241,1889
179,1549
260,1065
164,361
199,351
159,474
249,1350
133,1020
179,816
200,285
252,1911
258,1440
240,303
156,451
153,1360
204,593
265,2080
220,96
203,1177
174,517
263,1763
160,477
248,837
250,768
263,2277
258,1266
249,655
258,1414
251,2770
255,1351
250,1202
234,436
192,465
250,421
242,1678
222,2599
126,630
228,2670
229,702
254,892
270,2838
199,94
190,633
247,2353
184,169
183,888
199,73
251,3356
270,2900
131,650
262,3160
161,1223
252,3856
175,822
211,154
253,1096
235,595
181,725
232,1026
261,1193
260,1320
218,785
251,1596
175,1357
168,607
183,669
266,2761
263,1290
232,572
252,2691
181,571
205,1360
202,693
257,1237
224,1047
190,1601
228,2754
218,758
158,977
230,985
209,248
229,1352
252,766
273,1016
186,159
187,151
238,956
139,341
170,562
169,342
165,583
273,1016
218,173
226,688
123,669
217,327
206,1118
257,1189
258,1049
259,926
131,695
212,244
250,615
250,1343
236,761
221,337
245,3774
275,1760
212,1005
213,1812
237,701
237,717
241,2671
229,83
125,678
262,1261
186,611
257,2163
253,331
287,676
196,1451
169,821
247,608
243,257
231,621
229,181
202,97
262,2399
226,1247
257,3267
244,404
252,2166
184,449
250,2612
200,94
125,425
260,837
191,900
238,375
224,1263
194,2435
173,1111
179,122
243,1114
130,441
277,1662
144,675
199,1118
225,806
212,220
181,821
255,2809
261,1021
175,410
258,1296
179,762
242,268
218,1046
178,468
262,1418
253,1892
247,995
138,334
232,958
158,1858
186,169
247,2395
134,317
205,522
234,557
155,1815
227,281
120,506
215,2016
228,2670
256,1132
245,303
250,1835
204,278
127,697
246,208
250,1744
243,1466
244,363
218,771
185,685
205,983
148,315
207,903
284,710
227,1257
238,1326
154,761
142,837
234,1683
206,1699
231,661
132,692
177,761
253,4785
219,73
263,2086
203,147
202,925
215,178
266,3665
197,257
217,1144
206,266
252,1199
223,1281
250,1911
248,1495
205,269
208,371
248,928
161,699
261,1432
258,1230
263,1220
159,539
167,389
213,476
241,1046
241,2346
143,720
182,770
225,69
238,1326
209,262
216,62
154,1082
217,2337
257,1124
196,759
217,1503
167,990
158,446
189,378
123,1116
245,847
252,1415
226,360
196,357
236,1049
144,569
231,3075
234,3303
203,1137
173,442
234,922
195,315
220,78
204,593
159,444
201,1077
145,561
173,425
159,687
249,2253
172,540
223,103
249,434
232,734
227,2578
237,2141
259,2881
212,1381
275,1600
263,2589
208,1686
261,1391
169,520
149,995
210,190
248,671
201,2487
224,3113
175,403
261,1316
194,1010
222,287
263,1945
254,658
185,657
256,2504
243,842
185,367
161,408
172,350
172,540
196,1011
173,580
260,2880
259,2203
167,358
250,1329
199,255
171,1832
207,194
284,972
263,1981
232,185
259,2850
219,137
153,460
227,297
223,2143
254,1054
259,1195
217,106
239,839
195,683
198,724
176,450
211,853
210,121
265,1722
214,101
252,1911
179,711
237,1497
156,816
190,560
175,822
166,242
214,148
178,131
155,891
167,807
228,1867
210,125
247,857
153,1360
200,1770
252,2573
258,1200
255,3879
236,761
245,1030
265,3339
136,489
249,735
253,2072
190,391
146,628
214,72
256,1131
156,1092
256,1315
256,4365
211,121
251,271
201,122
245,3774
121,549
207,248
235,234
199,1168
260,4327
197,193
186,710
126,835
263,2876
143,817
235,1306
166,454
198,410
125,678
215,2376
241,2346
251,2760
243,1096
170,329
138,463
209,607
266,2168
248,1958
172,415
257,696
162,274
193,114
169,520
250,1812
156,753
207,99
263,1203
251,1237
200,293
225,653
134,684
216,72
151,445
267,2795
248,1931
217,1197
185,466
217,2022
205,318
261,1838
259,1514
181,1124
224,884
217,1144
267,2553
187,151
183,503
277,1889
258,2568
192,100
190,395
242,476
171,2690
264,666
262,2665
236,1417
238,730
140,773
231,1288
266,1902
251,1462
188,359
241,1278
218,183
193,550
227,1241
231,547
167,889
207,706
132,927
181,838
237,683
232,514
197,1995
257,1059
256,1037
238,911
170,1469
191,705
273,1386
247,2145
250,1991
241,234
252,1039
258,2546
214,3743
162,269
204,347
256,1061
257,2347
159,1188
239,867
267,1764
252,2033
173,436
169,592
213,1472
176,618
224,2746
199,298
155,3122
139,710
228,1288
254,1923
218,1552
276,1802
266,2611
158,360
181,818
252,2035
163,428
188,4260
261,1555
228,727
239,549
186,2732
162,203
254,2157
173,533
264,1550
194,1582
266,2664
215,593
250,761
266,2193
237,1178
159,1463
249,553
161,201
257,1599
197,297
247,1136
176,1782
234,195
268,1055
160,540
254,3195
221,517
247,504
161,1223
164,215
254,2564
249,416
265,2080
171,888
142,691
187,898
218,100
160,2091
248,315
247,1061
204,121
235,673
100,1145
185,685
193,938
213,381
260,3115
187,781
119,632
198,116
225,2002
267,1874
240,279
254,1249
129,504
189,831
268,2560
253,510
265,2024
169,405
163,814
164,893
207,795
254,2660
243,1282
276,1835
234,544
223,703
152,741
171,533
252,1475
151,798
211,853
256,1083
189,1389
251,3650
152,344
141,307
246,1229
137,714
226,793
232,3579
207,123
247,1061
234,1808
225,563
217,819
257,2483
249,3186
208,302
221,115
171,529
251,1307
261,2528
278,1447
257,1816
147,518
211,505
259,1229
248,928
168,424
266,3631
205,1360
